-- phpMyAdmin SQL Dump
-- version 2.11.9.5
-- http://www.phpmyadmin.net
--
-- Host: localhost
-- Generation Time: Aug 25, 2011 at 11:54 AM
-- Server version: 5.0.77
-- PHP Version: 5.3.3

SET SQL_MODE="NO_AUTO_VALUE_ON_ZERO";


/*!40101 SET @OLD_CHARACTER_SET_CLIENT=@@CHARACTER_SET_CLIENT */;
/*!40101 SET @OLD_CHARACTER_SET_RESULTS=@@CHARACTER_SET_RESULTS */;
/*!40101 SET @OLD_COLLATION_CONNECTION=@@COLLATION_CONNECTION */;
/*!40101 SET NAMES utf8 */;

--
-- Database: `agroclimatology`
--

-- --------------------------------------------------------

--
-- Table structure for table `stations1`
--

CREATE TABLE IF NOT EXISTS `stations1` (
  `id` int(11) NOT NULL,
  `name` varchar(20) NOT NULL,
  `county` varchar(20) NOT NULL,
  `state` varchar(5) NOT NULL,
  `lat` decimal(10,4) NOT NULL,
  `long` decimal(10,4) NOT NULL,
  `nrst` varchar(20) NOT NULL,
  `nrft` varchar(20) NOT NULL,
  UNIQUE KEY `id` (`id`)
) ENGINE=MyISAM DEFAULT CHARSET=latin1;

--
-- Dumping data for table `stations1`
--

INSERT INTO `stations1` (`id`, `name`, `county`, `state`, `lat`, `long`, `nrst`, `nrft`) VALUES
(770, 'Alapaha', 'Berrien', 'GA', 31.3500, -83.2167, 'Alapaha', 'DOUGLAS MUNI ARPT'),
(335, 'Arabi', 'Worth', 'GA', 31.7867, -83.8054, 'Arabi', 'ALBANY'),
(914, 'Arlington', 'Baker', 'GA', 31.3833, -84.6167, 'Arlington', 'BLAKELY'),
(143, 'Attapulgus', 'Decatur', 'GA', 30.7482, -84.4838, 'Attapulgus', 'BAINBRIDGE'),
(796, 'Byromville', 'Dooly', 'GA', 32.2000, -83.9300, 'Byromville', 'ROBINS AFB'),
(606, 'Cordele', 'Crisp', 'GA', 31.9850, -83.7747, 'Cordele', 'ALBANY'),
(283, 'Dawson', 'Terrell', 'GA', 31.7819, -84.4497, 'Dawson', 'ALBANY'),
(408, 'Dixie', 'Brooks', 'GA', 30.7858, -83.6643, 'Dixie', 'VALDOSTA'),
(933, 'Donalsonville', 'Seminole', 'GA', 30.8083, -84.8750, 'Donalsonville', 'BAINBRIDGE'),
(258, 'Dothan', 'Houston', 'AL', 31.2212, -85.4611, 'Dothan', 'DOTHAN'),
(245, 'Douglas', 'Coffee', 'GA', 31.4889, -82.8206, 'Douglas', 'DOUGLAS MUNI ARPT'),
(520, 'Marianna', 'Jackson', 'FL', 30.7342, -85.0306, 'Marianna', 'MARIANNA'),
(941, 'Midville', 'Burke', 'GA', 32.8089, -82.2372, 'Midville', 'SYLVANIA'),
(475, 'Monticello', 'Jefferson', 'FL', 30.4922, -83.7833, 'Monticello', 'TALLAHASSEE'),
(889, 'Moultrie', 'Colquitt', 'GA', 31.1017, -83.6189, 'Moultrie', 'MOULTRIE'),
(562, 'Nahunta', 'Brantley', 'GA', 31.2045, -81.9823, 'Nahunta', 'BRUNSWICK JETPORT'),
(360, 'Newton', 'Baker', 'GA', 31.2897, -84.4158, 'Newton', 'ALBANY'),
(530, 'Plains', 'Sumter', 'GA', 32.0100, -84.3300, 'Plains', 'ALBANY'),
(912, 'Sasser', 'Terrell', 'GA', 31.7201, -84.3477, 'Sasser', 'ALBANY'),
(585, 'Shellman', 'Calhoun', 'GA', 31.7585, -84.6127, 'Shellman', 'BLAKELY'),
(700, 'Statesboro', 'Bulloch', 'GA', 32.4500, -81.7833, 'Statesboro', 'STATESBORO'),
(885, 'Tifton', 'Tift', 'GA', 31.5452, -83.4989, 'Tifton', 'MOULTRIE'),
(402, 'Troy', 'Pike', 'AL', 31.8075, -85.9722, 'Troy', 'TROY'),
(712, 'Unadilla', 'Dooly', 'GA', 32.2598, -83.7365, 'Unadilla', 'ROBINS AFB'),
(716, 'Valdosta', 'Lowndes', 'GA', 30.8675, -83.2900, 'Valdosta', 'VALDOSTA'),
(566, 'Vienna', 'Dooly', 'GA', 32.1083, -83.8289, 'Vienna', 'ROBINS AFB'),
(200, 'Evergreen', 'Conecuh', 'AL', 31.4450, -86.9533, 'Evergreen', 'EVERGREEN'),
(149, 'Brookley Field', 'Mobile', 'AL', 30.6410, -88.0739, 'Brookley', 'BROOKLEY APRT'),
(555, 'Bronson', 'Levy', 'FL', 29.4516, -82.6405, 'Bronson', 'GAINESVILLE'),
(208, 'Jay', 'Santa Rosa', 'FL', 30.7737, -87.1505, 'Jay', 'MILTON'),
(321, 'Mobile', 'Mobile', 'AL', 30.6944, -88.0431, 'Mobile', 'MOBILE'),
(480, 'Georgetown', 'Quitman', 'GA', 31.8379, -85.0122, 'Georgetown', 'BLAKELY'),
(597, 'Baxley', 'Appling', 'GA', 31.8414, -82.3756, 'Baxley', 'ALMA'),
(930, 'TyTy', 'Tift', 'GA', 31.4714, -83.6489, 'TyTy', 'ALBANY'),
(502, 'Lake Seminole', 'Seminole', 'GA', 30.7353, -84.8429, 'Lake Seminole', 'BAINBRIDGE');

-- --------------------------------------------------------

--
-- Table structure for table `stations1_nrft`
--

CREATE TABLE IF NOT EXISTS `stations1_nrft` (
  `nrft` varchar(20) NOT NULL,
  `24hr` decimal(10,2) NOT NULL,
  `48hr` decimal(10,2) NOT NULL,
  `72hr` decimal(10,2) NOT NULL,
  `96hr` decimal(10,2) NOT NULL,
  `120hr` decimal(10,2) NOT NULL
) ENGINE=MyISAM DEFAULT CHARSET=latin1;

--
-- Dumping data for table `stations1_nrft`
--

INSERT INTO `stations1_nrft` (`nrft`, `24hr`, `48hr`, `72hr`, `96hr`, `120hr`) VALUES
('ALBANY', 0.00, 55.00, 45.00, 50.00, 55.00),
('ALMA', 0.00, 51.00, 42.00, 47.00, 55.00),
('BAINBRIDGE', 0.00, 48.00, 47.00, 48.00, 54.00),
('BLAKELY', 0.00, 48.00, 43.00, 48.00, 54.00),
('BROOKLEY APRT', 0.00, 23.00, 20.00, 35.00, 55.00),
('BRUNSWICK JETPORT', 0.00, 38.00, 32.00, 42.00, 54.00),
('DOTHAN', 0.00, 39.00, 38.00, 47.00, 54.00),
('DOUGLAS MUNI ARPT', 0.00, 55.00, 45.00, 48.00, 56.00),
('EVERGREEN', 0.00, 20.00, 23.00, 42.00, 55.00),
('MARIANNA', 0.00, 40.00, 41.00, 46.00, 54.00),
('MILTON', 0.00, 18.00, 24.00, 38.00, 54.00),
('MOBILE', 0.00, 25.00, 20.00, 34.00, 55.00),
('MOULTRIE', 0.00, 55.00, 51.00, 49.00, 55.00),
('ROBINS AFB', 0.00, 40.00, 20.00, 47.00, 40.00),
('STATESBORO', 0.00, 31.00, 16.00, 36.00, 40.00),
('SYLVANIA', 0.00, 28.00, 15.00, 37.00, 40.00),
('TALLAHASSEE', 0.00, 45.00, 49.00, 46.00, 53.00),
('TROY', 0.00, 34.00, 31.00, 47.00, 55.00),
('VALDOSTA', 0.00, 53.00, 53.00, 48.00, 55.00),
('GAINSVILLE', 0.00, 30.00, 41.00, 45.00, 52.00);

-- --------------------------------------------------------

--
-- Table structure for table `stations1_nrst`
--

CREATE TABLE IF NOT EXISTS `stations1_nrst` (
  `nrst` varchar(20) NOT NULL,
  `day1` decimal(5,2) NOT NULL,
  `day2` decimal(5,2) NOT NULL,
  `day3` decimal(5,2) NOT NULL,
  `day4` decimal(5,2) NOT NULL,
  `day5` decimal(5,2) NOT NULL,
  `day6` decimal(5,2) NOT NULL,
  `day7` decimal(5,2) NOT NULL,
  `day8` decimal(5,2) NOT NULL,
  `day9` decimal(5,2) NOT NULL,
  `day10` decimal(5,2) NOT NULL
) ENGINE=MyISAM DEFAULT CHARSET=latin1;

--
-- Dumping data for table `stations1_nrst`
--

INSERT INTO `stations1_nrst` (`nrst`, `day1`, `day2`, `day3`, `day4`, `day5`, `day6`, `day7`, `day8`, `day9`, `day10`) VALUES
('Alapaha', 0.94, 0.01, 0.00, 0.00, 0.00, 0.00, 0.97, 0.29, 0.00, 0.00),
('Arabi', 0.79, 0.00, 0.00, 0.16, 0.00, 0.00, 0.00, 0.00, 0.71, 0.00),
('Arlington', 0.40, 0.00, 0.00, 0.00, 0.00, 0.18, 0.00, 0.00, 0.00, 0.00),
('Attapulgus', 0.04, 0.00, 0.00, 0.00, 0.00, 0.46, 0.42, 0.00, 0.00, 0.00),
('Baxley', 0.04, 0.00, 0.00, 0.00, 0.00, 0.10, 0.00, 0.00, 0.00, 0.00),
('Bronson', 0.00, 0.00, 0.00, 0.00, 0.00, 0.00, 0.00, 0.01, 0.02, 2.99),
('Brookley', 1.10, 0.05, 0.01, 0.00, 0.00, 0.00, 0.37, 0.00, 0.27, 2.41),
('Byromville', 1.61, 0.00, 0.00, 0.00, 0.00, 0.00, 0.00, 0.00, 0.00, 0.00),
('Cordele', 0.00, 0.00, 0.00, 0.00, 0.00, 0.00, 0.00, 0.00, 0.01, 0.00),
('Dawson', 0.00, 0.00, 0.00, 0.00, 0.00, 0.29, 0.01, 0.00, 1.03, 0.00),
('Dixie', 0.00, 0.00, 0.00, 0.00, 0.00, 0.00, 0.04, 0.01, 0.00, 0.00),
('Donalsonville', 0.10, 0.00, 0.00, 0.00, 0.00, 0.69, 1.57, 0.00, 0.03, 0.00),
('Dothan', 1.34, 0.02, 0.00, 0.00, 0.00, 0.00, 0.00, 0.00, 0.00, 0.00),
('Douglas', 0.00, 0.00, 0.00, 0.00, 0.00, 0.16, 0.01, 0.00, 0.00, 0.00),
('Evergreen', 0.34, 0.62, 0.00, 0.00, 0.10, 0.00, 0.15, 0.14, 0.12, 0.24),
('Georgetown', 0.01, 0.00, 0.00, 0.00, 0.00, 0.00, 0.00, 0.00, 0.08, 0.00),
('Jay', 2.24, 0.00, 0.00, 0.90, 0.15, 0.70, 0.20, 0.00, 1.18, 0.09),
('Lake Seminole', 0.51, 0.01, 0.01, 0.00, 0.00, 0.60, 0.14, 0.00, 0.84, 0.00),
('Marianna', 1.05, 1.36, 0.00, 0.00, 0.23, 0.00, 0.04, 0.14, 0.04, 0.00),
('Midville', 0.00, 0.00, 0.00, 0.00, 0.00, 0.00, 0.00, 0.00, 0.09, 0.00),
('Mobile', 1.16, 0.28, 0.03, 0.00, 0.00, 0.00, 0.01, 0.00, 0.88, 0.08),
('Monticello', 0.04, 0.00, 0.00, 0.00, 0.00, 0.00, 0.06, 0.00, 0.00, 0.00),
('Moultrie', 0.00, 0.00, 0.00, 0.00, 0.00, 0.00, 0.42, 0.00, 0.00, 0.00),
('Nahunta', 0.00, 0.00, 0.00, 0.00, 0.00, 0.49, 0.27, 0.05, 0.00, 0.00),
('Newton', 1.05, 0.00, 0.00, 0.00, 0.00, 0.10, 0.00, 0.00, 0.00, 0.00),
('Plains', 0.03, 0.00, 0.86, 0.00, 0.00, 0.00, 0.00, 0.00, 0.00, 0.00),
('Sasser', 0.01, 0.00, 0.00, 0.00, 0.00, 0.02, 0.11, 0.00, 0.08, 0.00),
('Shellman', 0.28, 0.00, 0.14, 0.00, 0.00, 0.09, 0.25, 0.00, 0.96, 0.00),
('Statesboro', 0.00, 0.05, 0.00, 0.00, 0.00, 0.01, 0.00, 0.00, 0.01, 0.00),
('Tifton', 0.00, 0.00, 0.00, 0.00, 0.10, 0.10, 0.00, 0.00, 0.20, 0.00),
('Troy', 0.79, 0.24, 0.00, 0.00, 0.00, 0.00, 0.09, 0.29, 0.00, 0.07),
('TyTy', 0.02, 0.00, 0.00, 0.00, 0.00, 0.00, 0.01, 0.05, 0.00, 0.00),
('Unadilla', 0.00, 0.00, 0.00, 0.00, 0.00, 0.00, 0.00, 0.00, 0.00, 0.00),
('Valdosta', 0.00, 0.00, 0.00, 0.00, 0.00, 0.00, 0.03, 0.08, 0.00, 0.00),
('Vienna', 0.00, 0.00, 0.00, 0.00, 0.00, 0.00, 0.00, 0.00, 0.00, 0.00);

-- --------------------------------------------------------

--
-- Table structure for table `stations1_risks`
--

CREATE TABLE IF NOT EXISTS `stations1_risks` (
  `id` int(11) NOT NULL,
  `name` varchar(20) NOT NULL,
  `county` varchar(20) NOT NULL,
  `state` varchar(5) NOT NULL,
  `day1_risk` int(11) NOT NULL,
  `day2_risk` int(11) NOT NULL,
  `day3_risk` int(11) NOT NULL,
  `day4_risk` int(11) NOT NULL,
  `day5_risk` int(11) NOT NULL,
  `day6_risk` int(11) NOT NULL,
  `day7_risk` int(11) NOT NULL,
  `day8_risk` int(11) NOT NULL,
  `day9_risk` int(11) NOT NULL,
  `day10_risk` int(11) NOT NULL
) ENGINE=MyISAM DEFAULT CHARSET=latin1;

--
-- Dumping data for table `stations1_risks`
--

INSERT INTO `stations1_risks` (`id`, `name`, `county`, `state`, `day1_risk`, `day2_risk`, `day3_risk`, `day4_risk`, `day5_risk`, `day6_risk`, `day7_risk`, `day8_risk`, `day9_risk`, `day10_risk`) VALUES
(770, 'Alapaha', 'Berrien', 'GA', 25, 25, 25, 25, 25, 25, 50, 50, 75, 75),
(335, 'Arabi', 'Worth', 'GA', 25, 25, 25, 25, 25, 25, 50, 50, 75, 75),
(914, 'Arlington', 'Baker', 'GA', 25, 25, 25, 25, 25, 25, 50, 50, 75, 75),
(143, 'Attapulgus', 'Decatur', 'GA', 25, 25, 25, 25, 25, 25, 50, 50, 75, 75),
(796, 'Byromville', 'Dooly', 'GA', 25, 25, 25, 25, 25, 25, 50, 50, 50, 50),
(606, 'Cordele', 'Crisp', 'GA', 25, 25, 25, 25, 25, 25, 50, 50, 75, 50),
(283, 'Dawson', 'Terrell', 'GA', 25, 25, 25, 25, 25, 25, 50, 50, 75, 75),
(408, 'Dixie', 'Brooks', 'GA', 25, 25, 25, 25, 25, 25, 50, 50, 75, 50),
(933, 'Donalsonville', 'Seminole', 'GA', 25, 25, 25, 25, 25, 25, 50, 50, 75, 75),
(258, 'Dothan', 'Houston', 'AL', 25, 25, 25, 25, 25, 25, 50, 50, 75, 50),
(245, 'Douglas', 'Coffee', 'GA', 25, 25, 25, 25, 25, 25, 50, 50, 75, 75),
(520, 'Marianna', 'Jackson', 'FL', 25, 25, 25, 25, 25, 25, 50, 50, 75, 75),
(941, 'Midville', 'Burke', 'GA', 25, 25, 25, 25, 25, 25, 50, 50, 50, 50),
(475, 'Monticello', 'Jefferson', 'FL', 25, 25, 25, 25, 25, 25, 50, 50, 75, 50),
(889, 'Moultrie', 'Colquitt', 'GA', 25, 25, 25, 25, 25, 25, 50, 50, 75, 75),
(562, 'Nahunta', 'Brantley', 'GA', 25, 25, 25, 25, 25, 25, 50, 50, 75, 75),
(360, 'Newton', 'Baker', 'GA', 25, 25, 25, 25, 25, 25, 50, 50, 75, 75),
(530, 'Plains', 'Sumter', 'GA', 25, 25, 25, 25, 25, 25, 50, 50, 75, 75),
(912, 'Sasser', 'Terrell', 'GA', 25, 25, 25, 25, 25, 25, 50, 50, 75, 75),
(585, 'Shellman', 'Calhoun', 'GA', 25, 25, 25, 25, 25, 25, 75, 75, 75, 75),
(700, 'Statesboro', 'Bulloch', 'GA', 25, 25, 25, 25, 25, 25, 50, 50, 50, 50),
(885, 'Tifton', 'Tift', 'GA', 25, 25, 25, 25, 25, 25, 50, 50, 75, 75),
(402, 'Troy', 'Pike', 'AL', 25, 25, 25, 25, 25, 25, 50, 50, 75, 75),
(712, 'Unadilla', 'Dooly', 'GA', 25, 25, 25, 25, 25, 25, 50, 50, 50, 50),
(716, 'Valdosta', 'Lowndes', 'GA', 25, 25, 25, 25, 25, 25, 50, 50, 75, 50),
(566, 'Vienna', 'Dooly', 'GA', 25, 25, 25, 25, 25, 25, 50, 50, 50, 50),
(200, 'Evergreen', 'Conecuh', 'AL', 25, 25, 25, 25, 25, 25, 50, 50, 75, 50),
(149, 'Brookley Field', 'Mobile', 'AL', 25, 25, 25, 25, 25, 25, 50, 50, 75, 75),
(555, 'Bronson', 'Levy', 'FL', 25, 25, 25, 25, 25, 25, 50, 50, 75, 50),
(208, 'Jay', 'Santa Rosa', 'FL', 25, 25, 25, 25, 25, 25, 50, 50, 50, 50),
(321, 'Mobile', 'Mobile', 'AL', 25, 25, 25, 25, 25, 25, 50, 50, 75, 75),
(480, 'Georgetown', 'Quitman', 'GA', 25, 25, 25, 25, 25, 25, 50, 50, 75, 50),
(597, 'Baxley', 'Appling', 'GA', 25, 25, 25, 25, 25, 25, 50, 50, 75, 75),
(930, 'TyTy', 'Tift', 'GA', 25, 25, 25, 25, 25, 25, 50, 50, 75, 75),
(502, 'Lake Seminole', 'Seminole', 'GA', 25, 25, 25, 25, 25, 25, 50, 50, 75, 75);

-- --------------------------------------------------------

--
-- Table structure for table `stations2`
--

CREATE TABLE IF NOT EXISTS `stations2` (
  `id` int(11) NOT NULL,
  `name` varchar(20) NOT NULL,
  `county` varchar(20) NOT NULL,
  `state` varchar(5) NOT NULL,
  `lat` decimal(10,4) NOT NULL,
  `long` decimal(10,4) NOT NULL,
  `nst_name` varchar(20) NOT NULL,
  `nst_abbr` varchar(10) NOT NULL,
  `nst_type` varchar(10) NOT NULL
) ENGINE=MyISAM DEFAULT CHARSET=latin1;

--
-- Dumping data for table `stations2`
--

INSERT INTO `stations2` (`id`, `name`, `county`, `state`, `lat`, `long`, `nst_name`, `nst_abbr`, `nst_type`) VALUES
(321, 'Ahoskie', 'Hertford', 'NC', 36.2975, -77.1709, 'Ahoskie', 'KASJ', 'AWOS'),
(500, 'Bennettsville', 'Marlboro', 'SC', 34.6217, -79.7344, 'Bennettsville', 'KBBP', 'AWOS'),
(202, 'Clayton', 'Johnston', 'NC', 35.6500, -78.4667, 'Clayton', 'CLAY', 'ECONET'),
(196, 'Clinton', 'Sampson', 'NC', 34.9667, -78.3167, 'Clinton', 'CLIN', 'ECONET'),
(875, 'Conway', 'Horry', 'SC', 33.8314, -79.0558, 'Conway', 'KHYW', 'AWOS'),
(877, 'Darlington', 'Darlington', 'SC', 34.3011, -79.8767, 'Darlington County Ai', 'KUDG', 'AWOS'),
(448, 'Edenton', 'Chowan', 'NC', 36.0164, -76.5517, 'Edenton', 'KEDE', 'AWOS'),
(596, 'Elizabethtown', 'Bladen', 'NC', 34.6044, -78.6481, 'Elizabethtown', 'KEYF', 'AWOS'),
(814, 'Goldsboro', 'Wayne', 'NC', 35.4244, -77.9919, 'Goldsboro', 'GOLD', 'ECONET'),
(400, 'Greenville', 'Pitt', 'NC', 35.6400, -77.3983, 'Greenville', 'KPGV', 'AWOS'),
(740, 'Hartsville', 'Darlington', 'SC', 34.3950, -80.0486, 'Hartsville', 'KHVS', 'AWOS'),
(381, 'Kenansville', 'Duplin', 'NC', 34.9667, -77.9500, 'Kenansville', 'KDPL', 'AWOS'),
(798, 'Kingstree', 'Williamsburg', 'SC', 33.6775, -79.8283, 'Kingstree', 'KCKI', 'AWOS'),
(208, 'Lewiston', 'Bertie', 'NC', 36.1325, -77.1708, 'Lewiston', 'LEWS', 'ECONET'),
(417, 'Lumberton', 'Robeson', 'NC', 34.6269, -79.0250, 'Lumberton', 'KLBT', 'ASOS'),
(212, 'Marion', 'Marion', 'SC', 34.1653, -79.3875, 'Marion', 'KMAO', 'AWOS'),
(167, 'Maxton', 'Scotland', 'NC', 34.7919, -79.3658, 'Maxton', 'KMEB', 'ASOS'),
(961, 'Myrtle Beach', 'Horry', 'SC', 33.7544, -78.8219, 'Myrtle Beach', 'KMYR', 'AWOS'),
(379, 'Orangeburg', 'Orangeburg', 'SC', 33.4886, -80.8733, 'Orangeburg', 'KOGB', 'ASOS'),
(327, 'Plymouth', 'Washington', 'NC', 35.8722, -76.6592, 'Plymouth', 'PLYM', 'ECONET'),
(721, 'Rocky Mount', 'Edgecombe', 'NC', 35.8936, -77.6806, 'Rocky Mount', 'ROCK', 'ECONET'),
(439, 'Smithfield', 'Johnston', 'NC', 35.5164, -78.3458, 'Smithfield', 'KJNX', 'AWOS'),
(625, 'Sumter Arpt.', 'Sumter', 'SC', 33.9950, -80.3613, 'Sumter Arpt', 'KSMS', 'AWOS'),
(727, 'Wallace', 'Duplin', 'NC', 34.7200, -77.9778, 'Wallace', 'WILD', 'ECONET'),
(660, 'Whiteville', 'Columbus', 'NC', 34.3167, -78.7167, 'Whiteville', 'KCPC', 'AWOS'),
(862, 'New Ellenton', 'Aiken', 'SC', 33.3600, -81.6800, 'Aiken', 'KAIK', 'AWOS'),
(256, 'Walterboro', 'Colleton', 'SC', 32.8847, -80.6761, 'Walterboro', 'KRBW', 'AWOS'),
(273, 'Roanoke Rapids', 'Halifax', 'NC', 36.4783, -77.6717, 'Roanoke Rapids', 'KIXA', 'AWOS'),
(600, 'Buckland', 'Gates', 'NC', 36.4696, -76.7609, 'Buckland', 'BUCK', 'ECONET'),
(120, 'Kinston', 'Lenoir', 'NC', 35.3029, -77.5731, 'Kinston', 'KINS', 'ECONET'),
(700, 'Williamston', 'Martin', 'NC', 35.8390, -77.0935, 'Williamston', 'WILL', 'ECONET'),
(100, 'Elizabeth City', 'Pasquotank', 'NC', 36.2606, -76.1746, 'Elizabeth City', 'KECG', 'ASOS'),
(870, 'Suffolk', 'Suffolk City', 'VA', 36.6824, -76.6019, 'Suffolk', 'KSFQ', 'AWOS');

-- --------------------------------------------------------

--
-- Table structure for table `stations2_current_risk`
--

CREATE TABLE IF NOT EXISTS `stations2_current_risk` (
  `nst_abbr` varchar(10) NOT NULL,
  `temp` decimal(6,2) NOT NULL,
  `rh` decimal(6,2) NOT NULL
) ENGINE=MyISAM DEFAULT CHARSET=latin1;

--
-- Dumping data for table `stations2_current_risk`
--

INSERT INTO `stations2_current_risk` (`nst_abbr`, `temp`, `rh`) VALUES
('BUCK', 80.96, 64.40),
('CLAY', 81.32, 61.40),
('CLIN', 80.78, 70.80),
('GOLD', 81.68, 76.50),
('KAIK', 86.00, 66.00),
('KASJ', 77.00, 69.00),
('KBBP', 89.60, 0.00),
('KCKI', 86.00, 75.00),
('KCPC', 82.40, 74.00),
('KDPL', 78.80, 70.00),
('KECG', 82.94, 65.00),
('KEDE', 80.42, 76.00),
('KHVS', 82.40, 74.00),
('KHYW', 86.00, 66.00),
('KINS', 81.68, 69.40),
('KIXA', 80.60, 66.00),
('KLBT', 82.04, 77.00),
('KMAO', 82.40, 74.00),
('KMEB', 80.96, 72.00),
('KMYR', 84.20, 70.00),
('KOGB', 86.00, 67.00),
('KPGV', 80.60, 66.00),
('KSMS', 86.00, 66.00),
('KUDG', 82.40, 89.00),
('LEWS', 80.24, 67.90),
('PLYM', 81.68, 71.40),
('ROCK', 80.78, 69.90),
('WILD', 82.22, 70.90),
('WILL', 81.32, 65.10),
('KEYF', 82.40, 68.40),
('KJNX', 78.80, 70.00),
('KRBW', 80.20, 77.00);

-- --------------------------------------------------------

--
-- Table structure for table `stations2_nst`
--

CREATE TABLE IF NOT EXISTS `stations2_nst` (
  `nst_abbr` varchar(10) NOT NULL,
  `datetime` datetime NOT NULL,
  `temp` decimal(6,2) NOT NULL,
  `rh` decimal(6,2) NOT NULL
) ENGINE=MyISAM DEFAULT CHARSET=latin1;

--
-- Dumping data for table `stations2_nst`
--

INSERT INTO `stations2_nst` (`nst_abbr`, `datetime`, `temp`, `rh`) VALUES
('KASJ', '2011-08-23 00:55:00', 69.80, 83.00),
('KASJ', '2011-08-23 01:55:00', 69.80, 83.00),
('KASJ', '2011-08-23 02:55:00', 69.80, 83.00),
('KASJ', '2011-08-23 03:55:00', 69.80, 83.00),
('KASJ', '2011-08-23 04:55:00', 64.40, 83.00),
('KASJ', '2011-08-23 05:55:00', 64.40, 77.00),
('KASJ', '2011-08-23 06:55:00', 64.40, 73.00),
('KASJ', '2011-08-23 07:55:00', 71.60, 57.00),
('KASJ', '2011-08-23 08:55:00', 73.40, 47.00),
('KASJ', '2011-08-23 09:55:00', 77.00, 41.00),
('KBBP', '2011-08-23 00:55:00', 32.00, 0.00),
('KBBP', '2011-08-23 01:55:00', 32.00, 0.00),
('KBBP', '2011-08-23 02:55:00', 32.00, 0.00),
('KBBP', '2011-08-23 03:55:00', 32.00, 0.00),
('KBBP', '2011-08-23 04:55:00', 32.00, 0.00),
('KBBP', '2011-08-23 05:55:00', 32.00, 0.00),
('KBBP', '2011-08-23 06:55:00', 32.00, 0.00),
('KBBP', '2011-08-23 07:55:00', 32.00, 0.00),
('KBBP', '2011-08-23 08:55:00', 32.00, 0.00),
('KBBP', '2011-08-23 09:55:00', 32.00, 0.00),
('KBBP', '2011-08-23 10:55:00', 32.00, 0.00),
('KHYW', '2011-08-23 00:55:00', 71.60, 100.00),
('KHYW', '2011-08-23 01:55:00', 69.80, 100.00),
('KHYW', '2011-08-23 02:55:00', 69.80, 100.00),
('KHYW', '2011-08-23 03:55:00', 69.80, 100.00),
('KHYW', '2011-08-23 04:55:00', 69.80, 100.00),
('KHYW', '2011-08-23 05:55:00', 71.60, 100.00),
('KHYW', '2011-08-23 06:55:00', 73.40, 100.00),
('KHYW', '2011-08-23 07:55:00', 77.00, 94.00),
('KHYW', '2011-08-23 08:55:00', 75.20, 94.00),
('KHYW', '2011-08-23 09:55:00', 78.80, 79.00),
('KHYW', '2011-08-23 10:55:00', 82.40, 74.00),
('KUDG', '2011-08-23 00:55:00', 69.80, 88.00),
('KUDG', '2011-08-23 01:55:00', 71.60, 69.00),
('KUDG', '2011-08-23 02:55:00', 69.80, 78.00),
('KUDG', '2011-08-23 03:55:00', 68.00, 83.00),
('KUDG', '2011-08-23 04:55:00', 68.00, 83.00),
('KUDG', '2011-08-23 05:55:00', 69.80, 78.00),
('KUDG', '2011-08-23 06:55:00', 69.80, 83.00),
('KUDG', '2011-08-23 07:55:00', 71.60, 88.00),
('KUDG', '2011-08-23 08:55:00', 77.00, 83.00),
('KUDG', '2011-08-23 09:55:00', 80.60, 74.00),
('KUDG', '2011-08-23 10:55:00', 80.60, 74.00),
('KEDE', '2011-08-23 00:55:00', 72.14, 81.00),
('KEDE', '2011-08-23 01:55:00', 71.24, 83.00),
('KEDE', '2011-08-23 02:55:00', 70.88, 84.00),
('KEDE', '2011-08-23 03:55:00', 70.70, 85.00),
('KEDE', '2011-08-23 04:55:00', 69.80, 84.00),
('KEDE', '2011-08-23 05:55:00', 69.08, 82.00),
('KEDE', '2011-08-23 06:55:00', 69.80, 81.00),
('KEDE', '2011-08-23 07:55:00', 73.04, 76.00),
('KEDE', '2011-08-23 08:55:00', 77.18, 68.00),
('KEDE', '2011-08-23 09:55:00', 80.24, 52.00),
('KEDE', '2011-08-23 10:55:00', 81.32, 49.00),
('KPGV', '2011-08-23 00:55:00', 68.00, 88.00),
('KPGV', '2011-08-23 01:55:00', 68.00, 100.00),
('KPGV', '2011-08-23 02:55:00', 69.80, 83.00),
('KPGV', '2011-08-23 03:55:00', 68.00, 94.00),
('KPGV', '2011-08-23 04:55:00', 68.00, 88.00),
('KPGV', '2011-08-23 05:55:00', 66.20, 100.00),
('KPGV', '2011-08-23 06:55:00', 68.00, 83.00),
('KPGV', '2011-08-23 07:55:00', 71.60, 65.00),
('KPGV', '2011-08-23 08:55:00', 75.20, 61.00),
('KPGV', '2011-08-23 09:55:00', 77.00, 57.00),
('KPGV', '2011-08-23 10:55:00', 80.60, 51.00),
('KHVS', '2011-08-23 00:55:00', 71.60, 65.00),
('KHVS', '2011-08-23 01:55:00', 71.60, 57.00),
('KHVS', '2011-08-23 02:55:00', 69.80, 60.00),
('KHVS', '2011-08-23 03:55:00', 69.80, 56.00),
('KHVS', '2011-08-23 04:55:00', 68.00, 60.00),
('KHVS', '2011-08-23 05:55:00', 69.80, 56.00),
('KHVS', '2011-08-23 06:55:00', 69.80, 69.00),
('KHVS', '2011-08-23 07:55:00', 71.60, 73.00),
('KHVS', '2011-08-23 08:55:00', 73.40, 73.00),
('KHVS', '2011-08-23 09:55:00', 78.80, 70.00),
('KHVS', '2011-08-23 10:55:00', 82.40, 62.00),
('KDPL', '2011-08-23 00:55:00', 68.00, 94.00),
('KDPL', '2011-08-23 01:55:00', 66.20, 94.00),
('KDPL', '2011-08-23 02:55:00', 64.40, 94.00),
('KDPL', '2011-08-23 03:55:00', 64.40, 94.00),
('KDPL', '2011-08-23 04:55:00', 68.00, 83.00),
('KDPL', '2011-08-23 05:55:00', 68.00, 88.00),
('KDPL', '2011-08-23 06:55:00', 68.00, 88.00),
('KDPL', '2011-08-23 07:55:00', 69.80, 83.00),
('KDPL', '2011-08-23 08:55:00', 73.40, 69.00),
('KDPL', '2011-08-23 09:55:00', 78.80, 58.00),
('KDPL', '2011-08-23 10:55:00', 78.80, 58.00),
('KCKI', '2011-08-23 00:55:00', 71.60, 100.00),
('KCKI', '2011-08-23 01:55:00', 71.60, 100.00),
('KCKI', '2011-08-23 02:55:00', 69.80, 100.00),
('KCKI', '2011-08-23 03:55:00', 69.80, 83.00),
('KCKI', '2011-08-23 04:55:00', 68.00, 83.00),
('KCKI', '2011-08-23 05:55:00', 68.00, 83.00),
('KCKI', '2011-08-23 06:55:00', 69.80, 83.00),
('KCKI', '2011-08-23 07:55:00', 71.60, 94.00),
('KCKI', '2011-08-23 08:55:00', 73.40, 94.00),
('KCKI', '2011-08-23 09:55:00', 80.60, 79.00),
('KCKI', '2011-08-23 10:55:00', 86.00, 62.00),
('KMAO', '2011-08-23 00:55:00', 71.60, 100.00),
('KMAO', '2011-08-23 01:55:00', 71.60, 78.00),
('KMAO', '2011-08-23 02:55:00', 69.80, 83.00),
('KMAO', '2011-08-23 03:55:00', 69.80, 83.00),
('KMAO', '2011-08-23 04:55:00', 69.80, 94.00),
('KMAO', '2011-08-23 05:55:00', 71.60, 100.00),
('KMAO', '2011-08-23 06:55:00', 71.60, 100.00),
('KMAO', '2011-08-23 07:55:00', 73.40, 100.00),
('KMAO', '2011-08-23 08:55:00', 78.80, 74.00),
('KMAO', '2011-08-23 09:55:00', 80.60, 70.00),
('KMAO', '2011-08-23 10:55:00', 80.60, 70.00),
('KMYR', '2011-08-23 00:55:00', 75.20, 83.00),
('KMYR', '2011-08-23 01:55:00', 73.40, 89.00),
('KMYR', '2011-08-23 02:55:00', 73.40, 89.00),
('KMYR', '2011-08-23 03:55:00', 75.20, 89.00),
('KMYR', '2011-08-23 04:55:00', 78.80, 84.00),
('KMYR', '2011-08-23 05:50:00', 80.60, 79.00),
('KMYR', '2011-08-23 06:50:00', 80.60, 79.00),
('KMYR', '2011-08-23 07:50:00', 82.40, 74.00),
('KMYR', '2011-08-23 08:47:00', 82.40, 74.00),
('KMYR', '2011-08-23 09:50:00', 82.40, 74.00),
('KMYR', '2011-08-23 10:45:00', 84.20, 70.00),
('KJNX', '2011-08-23 00:55:00', 71.60, 78.00),
('KJNX', '2011-08-23 01:55:00', 71.60, 78.00),
('KJNX', '2011-08-23 02:55:00', 71.60, 78.00),
('KJNX', '2011-08-23 03:55:00', 68.00, 94.00),
('KJNX', '2011-08-23 04:55:00', 69.80, 83.00),
('KJNX', '2011-08-23 05:55:00', 68.00, 83.00),
('KJNX', '2011-08-23 06:55:00', 69.80, 56.00),
('KJNX', '2011-08-23 07:55:00', 71.60, 46.00),
('KJNX', '2011-08-23 08:55:00', 75.20, 36.00),
('KJNX', '2011-08-23 09:55:00', 77.00, 36.00),
('KSMS', '2011-08-23 00:55:00', 71.60, 100.00),
('KSMS', '2011-08-23 01:55:00', 73.40, 73.00),
('KSMS', '2011-08-23 02:55:00', 71.60, 73.00),
('KSMS', '2011-08-23 03:55:00', 68.00, 73.00),
('KSMS', '2011-08-23 04:55:00', 68.00, 68.00),
('KSMS', '2011-08-23 05:55:00', 66.20, 73.00),
('KSMS', '2011-08-23 06:55:00', 68.00, 78.00),
('KSMS', '2011-08-23 07:55:00', 71.60, 78.00),
('KSMS', '2011-08-23 08:55:00', 75.20, 74.00),
('KSMS', '2011-08-23 09:55:00', 78.80, 74.00),
('KSMS', '2011-08-23 10:55:00', 82.40, 70.00),
('KCPC', '2011-08-23 00:55:00', 73.40, 94.00),
('KCPC', '2011-08-23 01:55:00', 71.60, 100.00),
('KCPC', '2011-08-23 02:55:00', 71.60, 100.00),
('KCPC', '2011-08-23 03:55:00', 71.60, 100.00),
('KCPC', '2011-08-23 04:55:00', 71.60, 100.00),
('KCPC', '2011-08-23 05:55:00', 71.60, 100.00),
('KCPC', '2011-08-23 06:55:00', 71.60, 94.00),
('KCPC', '2011-08-23 07:55:00', 73.40, 89.00),
('KCPC', '2011-08-23 08:55:00', 77.00, 74.00),
('KCPC', '2011-08-23 09:55:00', 78.80, 70.00),
('KCPC', '2011-08-23 10:55:00', 82.40, 66.00),
('KRBW', '2011-08-23 00:55:00', 77.00, 89.00),
('KRBW', '2011-08-23 01:55:00', 77.00, 89.00),
('KRBW', '2011-08-23 02:55:00', 78.80, 84.00),
('KRBW', '2011-08-23 03:55:00', 78.80, 84.00),
('KRBW', '2011-08-23 04:55:00', 78.80, 74.00),
('KRBW', '2011-08-23 05:55:00', 77.00, 69.00),
('KRBW', '2011-08-23 06:55:00', 77.00, 65.00),
('KRBW', '2011-08-23 07:55:00', 78.80, 65.00),
('KRBW', '2011-08-23 08:55:00', 80.60, 70.00),
('KRBW', '2011-08-23 09:55:00', 86.00, 62.00),
('KIXA', '2011-08-23 00:55:00', 68.00, 83.00),
('KIXA', '2011-08-23 01:55:00', 68.00, 88.00),
('KIXA', '2011-08-23 02:55:00', 68.00, 78.00),
('KIXA', '2011-08-23 03:55:00', 66.20, 78.00),
('KIXA', '2011-08-23 04:55:00', 64.40, 73.00),
('KIXA', '2011-08-23 05:55:00', 62.60, 77.00),
('KIXA', '2011-08-23 06:55:00', 64.40, 77.00),
('KIXA', '2011-08-23 07:55:00', 69.80, 60.00),
('KIXA', '2011-08-23 08:55:00', 73.40, 50.00),
('KIXA', '2011-08-23 09:55:00', 77.00, 44.00),
('KIXA', '2011-08-23 10:55:00', 78.80, 42.00),
('KAIK', '2011-08-23 00:55:00', 71.60, 100.00),
('KAIK', '2011-08-23 01:55:00', 71.60, 100.00),
('KAIK', '2011-08-23 02:55:00', 71.60, 73.00),
('KAIK', '2011-08-23 03:55:00', 69.80, 73.00),
('KAIK', '2011-08-23 04:55:00', 69.80, 69.00),
('KAIK', '2011-08-23 05:55:00', 68.00, 64.00),
('KAIK', '2011-08-23 06:55:00', 69.80, 60.00),
('KAIK', '2011-08-23 07:55:00', 71.60, 57.00),
('KAIK', '2011-08-23 08:55:00', 77.00, 54.00),
('KAIK', '2011-08-23 09:55:00', 77.00, 61.00),
('KAIK', '2011-08-23 10:55:00', 82.40, 55.00),
('KECG', '2011-08-23 00:54:00', 71.96, 73.00),
('KECG', '2011-08-23 01:54:00', 71.96, 76.00),
('KECG', '2011-08-23 02:54:00', 73.94, 71.00),
('KECG', '2011-08-23 03:54:00', 73.94, 71.00),
('KECG', '2011-08-23 04:54:00', 71.06, 79.00),
('KECG', '2011-08-23 05:54:00', 68.00, 87.00),
('KECG', '2011-08-23 06:54:00', 73.04, 76.00),
('KECG', '2011-08-23 07:54:00', 78.98, 60.00),
('KECG', '2011-08-23 08:54:00', 82.04, 40.00),
('KECG', '2011-08-23 09:54:00', 82.04, 43.00),
('KECG', '2011-08-23 10:54:00', 82.04, 40.00),
('KLBT', '2011-08-23 00:54:00', 73.04, 90.00),
('KLBT', '2011-08-23 01:54:00', 73.04, 87.00),
('KLBT', '2011-08-23 02:54:00', 73.04, 87.00),
('KLBT', '2011-08-23 03:54:00', 73.04, 94.00),
('KLBT', '2011-08-23 04:54:00', 73.04, 94.00),
('KLBT', '2011-08-23 05:54:00', 73.04, 87.00),
('KLBT', '2011-08-23 06:54:00', 73.04, 84.00),
('KLBT', '2011-08-23 07:54:00', 75.02, 76.00),
('KLBT', '2011-08-23 08:54:00', 78.98, 69.00),
('KLBT', '2011-08-23 09:54:00', 80.06, 64.00),
('KLBT', '2011-08-23 10:54:00', 80.96, 61.00),
('KMEB', '2011-08-23 00:52:00', 71.06, 66.00),
('KMEB', '2011-08-23 01:52:00', 69.98, 66.00),
('KMEB', '2011-08-23 02:52:00', 69.08, 73.00),
('KMEB', '2011-08-23 03:52:00', 69.08, 81.00),
('KMEB', '2011-08-23 04:52:00', 71.06, 81.00),
('KMEB', '2011-08-23 05:52:00', 71.06, 84.00),
('KMEB', '2011-08-23 06:52:00', 71.96, 82.00),
('KMEB', '2011-08-23 07:52:00', 75.02, 66.00),
('KMEB', '2011-08-23 08:52:00', 78.08, 58.00),
('KMEB', '2011-08-23 09:52:00', 80.06, 60.00),
('KMEB', '2011-08-23 10:52:00', 82.04, 55.00),
('KOGB', '2011-08-23 00:53:00', 75.02, 88.00),
('KOGB', '2011-08-23 01:53:00', 75.92, 88.00),
('KOGB', '2011-08-23 02:53:00', 77.00, 74.00),
('KOGB', '2011-08-23 03:53:00', 75.02, 57.00),
('KOGB', '2011-08-23 04:53:00', 73.04, 61.00),
('KOGB', '2011-08-23 05:53:00', 71.96, 59.00),
('KOGB', '2011-08-23 06:53:00', 71.96, 61.00),
('KOGB', '2011-08-23 07:53:00', 73.94, 64.00),
('KOGB', '2011-08-23 08:53:00', 78.08, 64.00),
('KOGB', '2011-08-23 09:53:00', 80.96, 67.00),
('KOGB', '2011-08-23 10:53:00', 82.94, 67.00),
('CLAY', '2011-08-23 00:00:00', 72.14, 81.80),
('CLAY', '2011-08-23 01:00:00', 71.06, 83.10),
('CLAY', '2011-08-23 02:00:00', 71.96, 77.60),
('CLAY', '2011-08-23 03:00:00', 69.80, 82.70),
('CLAY', '2011-08-23 04:00:00', 68.54, 87.00),
('CLAY', '2011-08-23 05:00:00', 67.46, 87.60),
('CLAY', '2011-08-23 06:00:00', 66.38, 79.90),
('CLAY', '2011-08-23 07:00:00', 68.18, 67.30),
('CLAY', '2011-08-23 08:00:00', 71.06, 54.60),
('CLAY', '2011-08-23 09:00:00', 73.94, 51.50),
('CLAY', '2011-08-23 10:00:00', 75.56, 49.90),
('CLAY', '2011-08-23 11:00:00', 77.90, 43.70),
('CLIN', '2011-08-23 00:00:00', 72.68, 88.60),
('CLIN', '2011-08-23 01:00:00', 72.68, 89.90),
('CLIN', '2011-08-23 02:00:00', 72.32, 90.10),
('CLIN', '2011-08-23 03:00:00', 71.78, 86.20),
('CLIN', '2011-08-23 04:00:00', 70.70, 87.10),
('CLIN', '2011-08-23 05:00:00', 70.88, 83.50),
('CLIN', '2011-08-23 06:00:00', 71.42, 79.60),
('CLIN', '2011-08-23 07:00:00', 71.60, 81.00),
('CLIN', '2011-08-23 08:00:00', 72.32, 80.50),
('CLIN', '2011-08-23 09:00:00', 76.28, 72.30),
('CLIN', '2011-08-23 10:00:00', 78.44, 60.40),
('CLIN', '2011-08-23 11:00:00', 79.88, 57.30),
('GOLD', '2011-08-23 00:00:00', 73.58, 80.40),
('GOLD', '2011-08-23 01:00:00', 73.22, 81.90),
('GOLD', '2011-08-23 02:00:00', 71.96, 83.30),
('GOLD', '2011-08-23 03:00:00', 72.32, 80.60),
('GOLD', '2011-08-23 04:00:00', 71.60, 82.50),
('GOLD', '2011-08-23 05:00:00', 71.78, 82.00),
('GOLD', '2011-08-23 06:00:00', 70.88, 83.00),
('GOLD', '2011-08-23 07:00:00', 70.52, 82.20),
('GOLD', '2011-08-23 08:00:00', 71.78, 78.10),
('GOLD', '2011-08-23 09:00:00', 74.48, 71.90),
('GOLD', '2011-08-23 10:00:00', 77.54, 65.50),
('GOLD', '2011-08-23 11:00:00', 80.96, 60.50),
('LEWS', '2011-08-23 00:00:00', 71.06, 78.90),
('LEWS', '2011-08-23 01:00:00', 69.98, 91.40),
('LEWS', '2011-08-23 02:00:00', 68.72, 91.10),
('LEWS', '2011-08-23 03:00:00', 69.08, 85.10),
('LEWS', '2011-08-23 04:00:00', 68.90, 82.70),
('LEWS', '2011-08-23 05:00:00', 68.36, 80.80),
('LEWS', '2011-08-23 06:00:00', 66.74, 75.50),
('LEWS', '2011-08-23 07:00:00', 68.36, 71.00),
('LEWS', '2011-08-23 08:00:00', 71.60, 64.20),
('LEWS', '2011-08-23 09:00:00', 75.38, 56.90),
('LEWS', '2011-08-23 10:00:00', 77.00, 57.10),
('LEWS', '2011-08-23 11:00:00', 79.70, 47.10),
('PLYM', '2011-08-23 00:00:00', 67.46, 78.50),
('PLYM', '2011-08-23 01:00:00', 66.74, 81.40),
('PLYM', '2011-08-23 02:00:00', 68.72, 82.10),
('PLYM', '2011-08-23 03:00:00', 68.54, 83.60),
('PLYM', '2011-08-23 04:00:00', 68.90, 83.50),
('PLYM', '2011-08-23 05:00:00', 68.72, 84.20),
('PLYM', '2011-08-23 06:00:00', 68.00, 84.80),
('PLYM', '2011-08-23 07:00:00', 71.78, 82.30),
('PLYM', '2011-08-23 08:00:00', 74.48, 78.00),
('PLYM', '2011-08-23 09:00:00', 78.08, 72.30),
('PLYM', '2011-08-23 10:00:00', 79.70, 62.80),
('PLYM', '2011-08-23 11:00:00', 80.60, 55.50),
('ROCK', '2011-08-23 00:00:00', 71.24, 88.80),
('ROCK', '2011-08-23 01:00:00', 71.06, 86.50),
('ROCK', '2011-08-23 02:00:00', 70.34, 90.60),
('ROCK', '2011-08-23 03:00:00', 69.98, 90.00),
('ROCK', '2011-08-23 04:00:00', 69.08, 87.90),
('ROCK', '2011-08-23 05:00:00', 67.46, 87.80),
('ROCK', '2011-08-23 06:00:00', 66.56, 82.20),
('ROCK', '2011-08-23 07:00:00', 68.36, 69.60),
('ROCK', '2011-08-23 08:00:00', 71.24, 64.80),
('ROCK', '2011-08-23 09:00:00', 75.02, 60.00),
('ROCK', '2011-08-23 10:00:00', 77.72, 55.90),
('ROCK', '2011-08-23 11:00:00', 79.52, 52.40),
('WILD', '2011-08-23 00:00:00', 71.60, 93.00),
('WILD', '2011-08-23 01:00:00', 71.96, 93.50),
('WILD', '2011-08-23 02:00:00', 72.32, 91.70),
('WILD', '2011-08-23 03:00:00', 71.96, 92.00),
('WILD', '2011-08-23 04:00:00', 70.70, 93.10),
('WILD', '2011-08-23 05:00:00', 70.52, 88.70),
('WILD', '2011-08-23 06:00:00', 70.52, 88.90),
('WILD', '2011-08-23 07:00:00', 70.70, 88.80),
('WILD', '2011-08-23 08:00:00', 74.30, 80.70),
('WILD', '2011-08-23 09:00:00', 77.36, 68.90),
('WILD', '2011-08-23 10:00:00', 79.88, 63.20),
('WILD', '2011-08-23 11:00:00', 81.86, 59.90),
('BUCK', '2011-08-23 00:00:00', 69.26, 79.80),
('BUCK', '2011-08-23 01:00:00', 67.46, 84.80),
('BUCK', '2011-08-23 02:00:00', 66.38, 87.40),
('BUCK', '2011-08-23 03:00:00', 65.48, 88.70),
('BUCK', '2011-08-23 04:00:00', 64.94, 88.70),
('BUCK', '2011-08-23 05:00:00', 64.04, 85.50),
('BUCK', '2011-08-23 06:00:00', 62.60, 85.50),
('BUCK', '2011-08-23 07:00:00', 68.00, 69.90),
('BUCK', '2011-08-23 08:00:00', 74.66, 50.40),
('BUCK', '2011-08-23 09:00:00', 77.36, 45.40),
('BUCK', '2011-08-23 10:00:00', 80.96, 41.70),
('BUCK', '2011-08-23 11:00:00', 81.14, 39.80),
('KINS', '2011-08-23 00:00:00', 72.68, 87.50),
('KINS', '2011-08-23 01:00:00', 71.96, 85.50),
('KINS', '2011-08-23 02:00:00', 71.42, 85.70),
('KINS', '2011-08-23 03:00:00', 70.16, 88.30),
('KINS', '2011-08-23 04:00:00', 70.88, 84.90),
('KINS', '2011-08-23 05:00:00', 70.70, 85.00),
('KINS', '2011-08-23 06:00:00', 70.16, 84.90),
('KINS', '2011-08-23 07:00:00', 70.88, 84.10),
('KINS', '2011-08-23 08:00:00', 73.58, 76.50),
('KINS', '2011-08-23 09:00:00', 75.92, 67.40),
('KINS', '2011-08-23 10:00:00', 78.44, 62.30),
('KINS', '2011-08-23 11:00:00', 80.78, 52.80),
('WILL', '2011-08-23 00:00:00', 70.52, 82.20),
('WILL', '2011-08-23 01:00:00', 69.26, 84.30),
('WILL', '2011-08-23 02:00:00', 69.44, 82.80),
('WILL', '2011-08-23 03:00:00', 69.44, 83.50),
('WILL', '2011-08-23 04:00:00', 69.62, 82.60),
('WILL', '2011-08-23 05:00:00', 68.90, 83.30),
('WILL', '2011-08-23 06:00:00', 66.56, 86.40),
('WILL', '2011-08-23 07:00:00', 68.36, 77.80),
('WILL', '2011-08-23 08:00:00', 73.22, 67.20),
('WILL', '2011-08-23 09:00:00', 76.82, 63.50),
('WILL', '2011-08-23 10:00:00', 78.08, 58.00),
('WILL', '2011-08-23 11:00:00', 79.88, 52.80);

-- --------------------------------------------------------

--
-- Table structure for table `stations2_nst_cond`
--

CREATE TABLE IF NOT EXISTS `stations2_nst_cond` (
  `date` date NOT NULL,
  `nst_abbr` varchar(10) NOT NULL,
  `fav_hrs` int(11) NOT NULL,
  `leth_day` varchar(5) NOT NULL
) ENGINE=MyISAM DEFAULT CHARSET=latin1;

--
-- Dumping data for table `stations2_nst_cond`
--

INSERT INTO `stations2_nst_cond` (`date`, `nst_abbr`, `fav_hrs`, `leth_day`) VALUES
('2011-08-22', 'KECG', 0, 'no'),
('2011-08-22', 'KLBT', 3, 'no'),
('2011-08-22', 'KMEB', 0, 'no'),
('2011-08-22', 'KOGB', 0, 'no'),
('2011-08-21', 'KECG', 3, 'no'),
('2011-08-21', 'KLBT', 7, 'no'),
('2011-08-21', 'KMEB', 0, 'no'),
('2011-08-21', 'KOGB', 5, 'no'),
('2011-08-20', 'KECG', 1, 'no'),
('2011-08-20', 'KLBT', 1, 'no'),
('2011-08-20', 'KMEB', 0, 'no'),
('2011-08-20', 'KOGB', 1, 'no'),
('2011-08-19', 'KECG', 1, 'no'),
('2011-08-19', 'KLBT', 5, 'no'),
('2011-08-19', 'KMEB', 1, 'no'),
('2011-08-19', 'KOGB', 4, 'no'),
('2011-08-18', 'KECG', 6, 'no'),
('2011-08-18', 'KLBT', 1, 'no'),
('2011-08-18', 'KMEB', 0, 'no'),
('2011-08-18', 'KOGB', 2, 'no'),
('2011-08-17', 'KECG', 2, 'no'),
('2011-08-17', 'KLBT', 1, 'no'),
('2011-08-17', 'KMEB', 0, 'no'),
('2011-08-17', 'KOGB', 2, 'no'),
('2011-08-16', 'KECG', 0, 'no'),
('2011-08-16', 'KLBT', 0, 'no'),
('2011-08-16', 'KMEB', 0, 'no'),
('2011-08-16', 'KOGB', 1, 'no'),
('2011-08-15', 'KECG', 1, 'no'),
('2011-08-15', 'KLBT', 6, 'no'),
('2011-08-15', 'KMEB', 0, 'no'),
('2011-08-15', 'KOGB', 8, 'no'),
('2011-08-14', 'KECG', 0, 'no'),
('2011-08-14', 'KLBT', 5, 'no'),
('2011-08-14', 'KMEB', 0, 'no'),
('2011-08-14', 'KOGB', 6, 'no'),
('2011-08-13', 'KECG', 0, 'no'),
('2011-08-13', 'KLBT', 2, 'no'),
('2011-08-13', 'KMEB', 0, 'no'),
('2011-08-13', 'KOGB', 6, 'no'),
('2011-08-12', 'KECG', 0, 'no'),
('2011-08-12', 'KLBT', 2, 'no'),
('2011-08-12', 'KMEB', 0, 'no'),
('2011-08-12', 'KOGB', 0, 'no'),
('2011-08-11', 'KECG', 0, 'no'),
('2011-08-11', 'KLBT', 0, 'no'),
('2011-08-11', 'KMEB', 0, 'no'),
('2011-08-11', 'KOGB', 3, 'no'),
('2011-08-10', 'KECG', 0, 'no'),
('2011-08-10', 'KLBT', 0, 'yes'),
('2011-08-10', 'KMEB', 0, 'yes'),
('2011-08-10', 'KOGB', 0, 'no'),
('2011-08-09', 'KECG', 1, 'no'),
('2011-08-09', 'KLBT', 0, 'no'),
('2011-08-09', 'KMEB', 0, 'no'),
('2011-08-09', 'KOGB', 0, 'no'),
('2011-08-08', 'KECG', 0, 'no'),
('2011-08-08', 'KLBT', 0, 'no'),
('2011-08-08', 'KMEB', 0, 'no'),
('2011-08-08', 'KOGB', 0, 'no'),
('2011-08-07', 'KECG', 0, 'no'),
('2011-08-07', 'KLBT', 2, 'no'),
('2011-08-07', 'KMEB', 0, 'no'),
('2011-08-07', 'KOGB', 3, 'no'),
('2011-08-06', 'KECG', 0, 'no'),
('2011-08-06', 'KLBT', 0, 'no'),
('2011-08-06', 'KMEB', 0, 'no'),
('2011-08-06', 'KOGB', 4, 'no'),
('2011-08-05', 'KECG', 0, 'no'),
('2011-08-05', 'KLBT', 0, 'no'),
('2011-08-05', 'KMEB', 0, 'no'),
('2011-08-05', 'KOGB', 0, 'no'),
('2011-08-04', 'KECG', 0, 'no'),
('2011-08-04', 'KLBT', 0, 'no'),
('2011-08-04', 'KMEB', 0, 'no'),
('2011-08-04', 'KOGB', 0, 'no'),
('2011-08-03', 'KECG', 0, 'no'),
('2011-08-03', 'KLBT', 0, 'no'),
('2011-08-03', 'KMEB', 0, 'no'),
('2011-08-03', 'KOGB', 0, 'no'),
('2011-08-02', 'KECG', 3, 'no'),
('2011-08-02', 'KLBT', 3, 'no'),
('2011-08-02', 'KMEB', 0, 'yes'),
('2011-08-02', 'KOGB', 4, 'no'),
('2011-08-01', 'KECG', 1, 'no'),
('2011-08-01', 'KLBT', 7, 'no'),
('2011-08-01', 'KMEB', 0, 'no'),
('2011-08-01', 'KOGB', 2, 'no'),
('2011-07-31', 'KECG', 1, 'no'),
('2011-07-31', 'KLBT', 5, 'no'),
('2011-07-31', 'KMEB', 0, 'no'),
('2011-07-31', 'KOGB', 1, 'no'),
('2011-07-30', 'KECG', 0, 'no'),
('2011-07-30', 'KLBT', 0, 'no'),
('2011-07-30', 'KMEB', 0, 'no'),
('2011-07-30', 'KOGB', 0, 'no'),
('2011-07-29', 'KECG', 0, 'no'),
('2011-07-29', 'KLBT', 0, 'no'),
('2011-07-29', 'KMEB', 0, 'no'),
('2011-07-29', 'KOGB', 0, 'no'),
('2011-07-28', 'KECG', 4, 'no'),
('2011-07-28', 'KLBT', 0, 'no'),
('2011-07-28', 'KMEB', 0, 'no'),
('2011-07-28', 'KOGB', 4, 'no'),
('2011-07-27', 'KECG', 4, 'no'),
('2011-07-27', 'KLBT', 6, 'no'),
('2011-07-27', 'KMEB', 4, 'no'),
('2011-07-27', 'KOGB', 3, 'no'),
('2011-07-26', 'KECG', 2, 'no'),
('2011-07-26', 'KLBT', 3, 'no'),
('2011-07-26', 'KMEB', 0, 'no'),
('2011-07-26', 'KOGB', 8, 'no'),
('2011-07-25', 'KECG', 0, 'no'),
('2011-07-25', 'KLBT', 7, 'no'),
('2011-07-25', 'KMEB', 0, 'no'),
('2011-07-25', 'KOGB', 0, 'no'),
('2011-07-24', 'KECG', 0, 'no'),
('2011-07-24', 'KLBT', 0, 'no'),
('2011-07-24', 'KMEB', 0, 'no'),
('2011-07-24', 'KOGB', 0, 'no'),
('2011-07-23', 'KECG', 0, 'no'),
('2011-07-23', 'KLBT', 0, 'no'),
('2011-07-23', 'KMEB', 0, 'no'),
('2011-07-23', 'KOGB', 0, 'no'),
('2011-07-22', 'KECG', 0, 'no'),
('2011-07-22', 'KLBT', 0, 'no'),
('2011-07-22', 'KMEB', 0, 'no'),
('2011-07-22', 'KOGB', 0, 'no'),
('2011-07-21', 'KECG', 1, 'no'),
('2011-07-21', 'KLBT', 0, 'no'),
('2011-07-21', 'KMEB', 0, 'no'),
('2011-07-21', 'KOGB', 0, 'no'),
('2011-07-20', 'KECG', 0, 'no'),
('2011-07-20', 'KLBT', 0, 'no'),
('2011-07-20', 'KMEB', 0, 'no'),
('2011-07-20', 'KOGB', 0, 'no'),
('2011-07-19', 'KECG', 0, 'no'),
('2011-07-19', 'KLBT', 0, 'no'),
('2011-07-19', 'KMEB', 0, 'no'),
('2011-07-19', 'KOGB', 0, 'no'),
('2011-07-18', 'KECG', 0, 'no'),
('2011-07-18', 'KLBT', 0, 'no'),
('2011-07-18', 'KMEB', 0, 'no'),
('2011-07-18', 'KOGB', 3, 'no'),
('2011-07-17', 'KECG', 0, 'no'),
('2011-07-17', 'KLBT', 0, 'no'),
('2011-07-17', 'KMEB', 0, 'no'),
('2011-07-17', 'KOGB', 0, 'no'),
('2011-07-16', 'KECG', 0, 'no'),
('2011-07-16', 'KLBT', 0, 'no'),
('2011-07-16', 'KMEB', 0, 'no'),
('2011-07-16', 'KOGB', 0, 'no'),
('2011-07-15', 'KECG', 0, 'no'),
('2011-07-15', 'KLBT', 0, 'no'),
('2011-07-15', 'KMEB', 0, 'no'),
('2011-07-15', 'KOGB', 0, 'no'),
('2011-07-14', 'KECG', 0, 'no'),
('2011-07-14', 'KLBT', 5, 'no'),
('2011-07-14', 'KMEB', 0, 'no'),
('2011-07-14', 'KOGB', 0, 'no'),
('2011-07-13', 'KECG', 1, 'no'),
('2011-07-13', 'KLBT', 0, 'no'),
('2011-07-13', 'KMEB', 0, 'no'),
('2011-07-13', 'KOGB', 0, 'no'),
('2011-07-12', 'KECG', 0, 'no'),
('2011-07-12', 'KLBT', 0, 'no'),
('2011-07-12', 'KMEB', 0, 'no'),
('2011-07-12', 'KOGB', 4, 'no'),
('2011-07-11', 'KECG', 6, 'no'),
('2011-07-11', 'KLBT', 5, 'no'),
('2011-07-11', 'KMEB', 2, 'no'),
('2011-07-11', 'KOGB', 7, 'no'),
('2011-07-10', 'KECG', 6, 'no'),
('2011-07-10', 'KLBT', 3, 'no'),
('2011-07-10', 'KMEB', 0, 'no'),
('2011-07-10', 'KOGB', 5, 'no'),
('2011-07-09', 'KECG', 1, 'no'),
('2011-07-09', 'KLBT', 1, 'no'),
('2011-07-09', 'KMEB', 0, 'no'),
('2011-07-09', 'KOGB', 0, 'no'),
('2011-07-08', 'KECG', 1, 'no'),
('2011-07-08', 'KLBT', 3, 'no'),
('2011-07-08', 'KMEB', 0, 'no'),
('2011-07-08', 'KOGB', 4, 'no'),
('2011-07-07', 'KECG', 3, 'no'),
('2011-07-07', 'KLBT', 5, 'no'),
('2011-07-07', 'KMEB', 0, 'no'),
('2011-07-07', 'KOGB', 3, 'no'),
('2011-07-06', 'KECG', 2, 'no'),
('2011-07-06', 'KLBT', 2, 'no'),
('2011-07-06', 'KMEB', 0, 'no'),
('2011-07-06', 'KOGB', 1, 'no'),
('2011-08-22', 'KASJ', 0, 'no'),
('2011-08-22', 'KBBP', 0, 'yes'),
('2011-08-21', 'KASJ', 0, 'yes'),
('2011-08-21', 'KBBP', 0, 'no'),
('2011-08-20', 'KASJ', 0, 'no'),
('2011-08-20', 'KBBP', 0, 'no'),
('2011-08-19', 'KASJ', 0, 'no'),
('2011-08-19', 'KBBP', 0, 'no'),
('2011-08-18', 'KASJ', 0, 'no'),
('2011-08-18', 'KBBP', 0, 'no'),
('2011-08-17', 'KASJ', 0, 'no'),
('2011-08-17', 'KBBP', 0, 'no'),
('2011-08-16', 'KASJ', 0, 'no'),
('2011-08-16', 'KBBP', 0, 'no'),
('2011-08-15', 'KASJ', 0, 'no'),
('2011-08-15', 'KBBP', 0, 'no'),
('2011-08-14', 'KASJ', 0, 'no'),
('2011-08-14', 'KBBP', 0, 'no'),
('2011-08-13', 'KASJ', 0, 'no'),
('2011-08-13', 'KBBP', 0, 'no'),
('2011-08-12', 'KASJ', 0, 'no'),
('2011-08-12', 'KBBP', 0, 'no'),
('2011-08-11', 'KASJ', 0, 'no'),
('2011-08-11', 'KBBP', 0, 'no'),
('2011-08-10', 'KASJ', 0, 'no'),
('2011-08-10', 'KBBP', 0, 'yes'),
('2011-08-09', 'KASJ', 0, 'no'),
('2011-08-09', 'KBBP', 0, 'no'),
('2011-08-08', 'KASJ', 0, 'no'),
('2011-08-08', 'KBBP', 0, 'no'),
('2011-08-07', 'KASJ', 0, 'no'),
('2011-08-07', 'KBBP', 0, 'no'),
('2011-08-06', 'KASJ', 0, 'no'),
('2011-08-06', 'KBBP', 0, 'no'),
('2011-08-05', 'KASJ', 0, 'no'),
('2011-08-05', 'KBBP', 0, 'no'),
('2011-08-04', 'KASJ', 0, 'no'),
('2011-08-04', 'KBBP', 0, 'no'),
('2011-08-03', 'KASJ', 0, 'no'),
('2011-08-03', 'KBBP', 0, 'no'),
('2011-08-02', 'KASJ', 0, 'no'),
('2011-08-02', 'KBBP', 0, 'no'),
('2011-08-01', 'KASJ', 0, 'no'),
('2011-08-01', 'KBBP', 0, 'no'),
('2011-07-31', 'KASJ', 0, 'no'),
('2011-07-31', 'KBBP', 0, 'no'),
('2011-07-30', 'KASJ', 0, 'no'),
('2011-07-30', 'KBBP', 0, 'no'),
('2011-07-29', 'KASJ', 0, 'no'),
('2011-07-29', 'KBBP', 0, 'no'),
('2011-07-28', 'KASJ', 0, 'no'),
('2011-07-28', 'KBBP', 0, 'no'),
('2011-07-27', 'KASJ', 0, 'no'),
('2011-07-27', 'KBBP', 0, 'no'),
('2011-07-26', 'KASJ', 0, 'no'),
('2011-07-26', 'KBBP', 0, 'no'),
('2011-07-25', 'KASJ', 0, 'no'),
('2011-07-25', 'KBBP', 0, 'no'),
('2011-07-24', 'KASJ', 0, 'no'),
('2011-07-24', 'KBBP', 0, 'no'),
('2011-07-23', 'KASJ', 0, 'no'),
('2011-07-23', 'KBBP', 0, 'no'),
('2011-07-22', 'KASJ', 0, 'no'),
('2011-07-22', 'KBBP', 0, 'yes'),
('2011-07-21', 'KASJ', 0, 'no'),
('2011-07-21', 'KBBP', 0, 'yes'),
('2011-07-20', 'KASJ', 0, 'no'),
('2011-07-20', 'KBBP', 0, 'no'),
('2011-07-19', 'KASJ', 0, 'no'),
('2011-07-19', 'KBBP', 0, 'no'),
('2011-07-18', 'KASJ', 0, 'no'),
('2011-07-18', 'KBBP', 0, 'yes'),
('2011-07-17', 'KASJ', 0, 'no'),
('2011-07-17', 'KBBP', 0, 'yes'),
('2011-07-16', 'KASJ', 0, 'no'),
('2011-07-16', 'KBBP', 0, 'no'),
('2011-07-15', 'KASJ', 0, 'no'),
('2011-07-15', 'KBBP', 0, 'no'),
('2011-07-14', 'KASJ', 0, 'no'),
('2011-07-14', 'KBBP', 0, 'no'),
('2011-07-13', 'KASJ', 0, 'no'),
('2011-07-13', 'KBBP', 0, 'no'),
('2011-07-12', 'KASJ', 0, 'no'),
('2011-07-12', 'KBBP', 0, 'no'),
('2011-07-11', 'KASJ', 0, 'no'),
('2011-07-11', 'KBBP', 0, 'no'),
('2011-07-10', 'KASJ', 0, 'no'),
('2011-07-10', 'KBBP', 0, 'no'),
('2011-07-09', 'KASJ', 0, 'no'),
('2011-07-09', 'KBBP', 0, 'no'),
('2011-07-08', 'KASJ', 0, 'no'),
('2011-07-08', 'KBBP', 0, 'no'),
('2011-07-07', 'KASJ', 0, 'no'),
('2011-07-07', 'KBBP', 0, 'no'),
('2011-07-06', 'KASJ', 0, 'no'),
('2011-07-06', 'KBBP', 0, 'no'),
('2011-08-22', 'KHYW', 6, 'no'),
('2011-08-22', 'KUDG', 5, 'no'),
('2011-08-21', 'KHYW', 8, 'no'),
('2011-08-21', 'KUDG', 10, 'no'),
('2011-08-20', 'KHYW', 13, 'no'),
('2011-08-20', 'KUDG', 8, 'no'),
('2011-08-19', 'KHYW', 9, 'no'),
('2011-08-19', 'KUDG', 6, 'no'),
('2011-08-18', 'KHYW', 18, 'no'),
('2011-08-18', 'KUDG', 7, 'no'),
('2011-08-17', 'KHYW', 11, 'no'),
('2011-08-17', 'KUDG', 7, 'no'),
('2011-08-16', 'KHYW', 11, 'no'),
('2011-08-16', 'KUDG', 5, 'no'),
('2011-08-15', 'KHYW', 13, 'no'),
('2011-08-15', 'KUDG', 7, 'no'),
('2011-08-14', 'KHYW', 15, 'no'),
('2011-08-14', 'KUDG', 9, 'no'),
('2011-08-13', 'KHYW', 15, 'no'),
('2011-08-13', 'KUDG', 13, 'no'),
('2011-08-12', 'KHYW', 13, 'no'),
('2011-08-12', 'KUDG', 7, 'no'),
('2011-08-11', 'KHYW', 10, 'no'),
('2011-08-11', 'KUDG', 3, 'no'),
('2011-08-10', 'KHYW', 4, 'no'),
('2011-08-10', 'KUDG', 0, 'no'),
('2011-08-09', 'KHYW', 6, 'no'),
('2011-08-09', 'KUDG', 0, 'no'),
('2011-08-08', 'KHYW', 9, 'no'),
('2011-08-08', 'KUDG', 3, 'no'),
('2011-08-07', 'KHYW', 7, 'no'),
('2011-08-07', 'KUDG', 4, 'no'),
('2011-08-06', 'KHYW', 16, 'no'),
('2011-08-06', 'KUDG', 8, 'no'),
('2011-08-05', 'KHYW', 13, 'no'),
('2011-08-05', 'KUDG', 10, 'no'),
('2011-08-04', 'KHYW', 2, 'no'),
('2011-08-04', 'KUDG', 3, 'no'),
('2011-08-03', 'KHYW', 6, 'no'),
('2011-08-03', 'KUDG', 5, 'no'),
('2011-08-02', 'KHYW', 11, 'no'),
('2011-08-02', 'KUDG', 7, 'no'),
('2011-08-01', 'KHYW', 14, 'no'),
('2011-08-01', 'KUDG', 12, 'no'),
('2011-07-31', 'KHYW', 18, 'no'),
('2011-07-31', 'KUDG', 8, 'no'),
('2011-07-30', 'KHYW', 9, 'no'),
('2011-07-30', 'KUDG', 2, 'no'),
('2011-07-29', 'KHYW', 9, 'no'),
('2011-07-29', 'KUDG', 0, 'yes'),
('2011-07-28', 'KHYW', 9, 'no'),
('2011-07-28', 'KUDG', 7, 'no'),
('2011-07-27', 'KHYW', 10, 'no'),
('2011-07-27', 'KUDG', 9, 'no'),
('2011-07-26', 'KHYW', 21, 'no'),
('2011-07-26', 'KUDG', 14, 'no'),
('2011-07-25', 'KHYW', 13, 'no'),
('2011-07-25', 'KUDG', 12, 'no'),
('2011-07-24', 'KHYW', 9, 'no'),
('2011-07-24', 'KUDG', 3, 'no'),
('2011-07-23', 'KHYW', 12, 'no'),
('2011-07-23', 'KUDG', 0, 'no'),
('2011-07-22', 'KHYW', 0, 'no'),
('2011-07-22', 'KUDG', 0, 'no'),
('2011-07-21', 'KHYW', 3, 'no'),
('2011-07-21', 'KUDG', 3, 'no'),
('2011-07-20', 'KHYW', 4, 'no'),
('2011-07-20', 'KUDG', 0, 'no'),
('2011-07-19', 'KHYW', 7, 'no'),
('2011-07-19', 'KUDG', 0, 'no'),
('2011-07-18', 'KHYW', 8, 'no'),
('2011-07-18', 'KUDG', 0, 'no'),
('2011-07-17', 'KHYW', 7, 'no'),
('2011-07-17', 'KUDG', 0, 'no'),
('2011-07-16', 'KHYW', 1, 'no'),
('2011-07-16', 'KUDG', 0, 'no'),
('2011-07-15', 'KHYW', 0, 'no'),
('2011-07-15', 'KUDG', 0, 'no'),
('2011-07-14', 'KHYW', 6, 'no'),
('2011-07-14', 'KUDG', 8, 'no'),
('2011-07-13', 'KHYW', 5, 'no'),
('2011-07-13', 'KUDG', 12, 'no'),
('2011-07-12', 'KHYW', 8, 'no'),
('2011-07-12', 'KUDG', 8, 'no'),
('2011-07-11', 'KHYW', 11, 'no'),
('2011-07-11', 'KUDG', 8, 'no'),
('2011-07-10', 'KHYW', 13, 'no'),
('2011-07-10', 'KUDG', 9, 'no'),
('2011-07-09', 'KHYW', 16, 'no'),
('2011-07-09', 'KUDG', 10, 'no'),
('2011-07-08', 'KHYW', 11, 'no'),
('2011-07-08', 'KUDG', 13, 'no'),
('2011-07-07', 'KHYW', 10, 'no'),
('2011-07-07', 'KUDG', 7, 'no'),
('2011-07-06', 'KHYW', 10, 'no'),
('2011-07-06', 'KUDG', 8, 'no'),
('2011-08-22', 'KEDE', 0, 'no'),
('2011-08-22', 'KEYF', 0, 'no'),
('2011-08-21', 'KEDE', 0, 'no'),
('2011-08-21', 'KEYF', 5, 'no'),
('2011-08-20', 'KEDE', 3, 'no'),
('2011-08-20', 'KEYF', 5, 'no'),
('2011-08-19', 'KEDE', 1, 'no'),
('2011-08-19', 'KEYF', 7, 'no'),
('2011-08-18', 'KEDE', 1, 'no'),
('2011-08-18', 'KEYF', 6, 'no'),
('2011-08-17', 'KEDE', 1, 'no'),
('2011-08-17', 'KEYF', 4, 'no'),
('2011-08-16', 'KEDE', 0, 'no'),
('2011-08-16', 'KEYF', 0, 'no'),
('2011-08-15', 'KEDE', 1, 'no'),
('2011-08-15', 'KEYF', 5, 'no'),
('2011-08-14', 'KEDE', 0, 'no'),
('2011-08-14', 'KEYF', 1, '1 no'),
('2011-08-13', 'KEDE', 0, 'no'),
('2011-08-13', 'KEYF', 1, '0 no'),
('2011-08-12', 'KEDE', 0, 'no'),
('2011-08-12', 'KEYF', 5, 'no'),
('2011-08-11', 'KEDE', 0, 'no'),
('2011-08-11', 'KEYF', 0, 'no'),
('2011-08-10', 'KEDE', 0, 'no'),
('2011-08-10', 'KEYF', 0, 'yes'),
('2011-08-09', 'KEDE', 0, 'no'),
('2011-08-09', 'KEYF', 0, 'no'),
('2011-08-08', 'KEDE', 0, 'no'),
('2011-08-08', 'KEYF', 0, 'no'),
('2011-08-07', 'KEDE', 0, 'no'),
('2011-08-07', 'KEYF', 4, 'no'),
('2011-08-06', 'KEDE', 0, 'no'),
('2011-08-06', 'KEYF', 6, 'no'),
('2011-08-05', 'KEDE', 0, 'no'),
('2011-08-05', 'KEYF', 1, '6 no'),
('2011-08-04', 'KEDE', 0, 'no'),
('2011-08-04', 'KEYF', 2, 'no'),
('2011-08-03', 'KEDE', 0, 'no'),
('2011-08-03', 'KEYF', 0, 'no'),
('2011-08-02', 'KEDE', 0, 'no'),
('2011-08-02', 'KEYF', 5, 'no'),
('2011-08-01', 'KEDE', 4, 'no'),
('2011-08-01', 'KEYF', 8, 'no'),
('2011-07-31', 'KEDE', 0, 'no'),
('2011-07-31', 'KEYF', 6, 'no'),
('2011-07-30', 'KEDE', 0, 'no'),
('2011-07-30', 'KEYF', 0, 'no'),
('2011-07-29', 'KEDE', 0, 'no'),
('2011-07-29', 'KEYF', 0, 'no'),
('2011-07-28', 'KEDE', 1, 'no'),
('2011-07-28', 'KEYF', 0, 'no'),
('2011-07-27', 'KEDE', 0, 'no'),
('2011-07-27', 'KEYF', 6, 'no'),
('2011-07-26', 'KEDE', 0, 'no'),
('2011-07-26', 'KEYF', 1, 'no'),
('2011-07-25', 'KEDE', 0, 'no'),
('2011-07-25', 'KEYF', 5, 'no'),
('2011-07-24', 'KEDE', 0, 'no'),
('2011-07-24', 'KEYF', 2, 'no'),
('2011-07-23', 'KEDE', 0, 'no'),
('2011-07-23', 'KEYF', 0, 'no'),
('2011-07-22', 'KEDE', 0, 'no'),
('2011-07-22', 'KEYF', 0, 'no'),
('2011-07-21', 'KEDE', 0, 'no'),
('2011-07-21', 'KEYF', 0, 'no'),
('2011-07-20', 'KEDE', 0, 'no'),
('2011-07-20', 'KEYF', 0, 'no'),
('2011-07-19', 'KEDE', 0, 'no'),
('2011-07-19', 'KEYF', 0, 'no'),
('2011-07-18', 'KEDE', 0, 'no'),
('2011-07-18', 'KEYF', 0, 'no'),
('2011-07-17', 'KEDE', 0, 'no'),
('2011-07-17', 'KEYF', 0, 'no'),
('2011-07-16', 'KEDE', 0, 'no'),
('2011-07-16', 'KEYF', 0, 'no'),
('2011-07-15', 'KEDE', 0, 'no'),
('2011-07-15', 'KEYF', 0, 'no'),
('2011-07-14', 'KEDE', 0, 'no'),
('2011-07-14', 'KEYF', 6, 'no'),
('2011-07-13', 'KEDE', 0, 'no'),
('2011-07-13', 'KEYF', 3, 'no'),
('2011-07-12', 'KEDE', 0, 'no'),
('2011-07-12', 'KEYF', 0, 'no'),
('2011-07-11', 'KEDE', 4, 'no'),
('2011-07-11', 'KEYF', 0, 'no'),
('2011-07-10', 'KEDE', 5, 'no'),
('2011-07-10', 'KEYF', 0, 'no'),
('2011-07-09', 'KEDE', 0, 'no'),
('2011-07-09', 'KEYF', 3, 'no'),
('2011-07-08', 'KEDE', 0, 'no'),
('2011-07-08', 'KEYF', 9, 'no'),
('2011-07-07', 'KEDE', 0, 'no'),
('2011-07-07', 'KEYF', 6, 'no'),
('2011-07-06', 'KEDE', 0, 'no'),
('2011-07-06', 'KEYF', 8, 'no'),
('2011-08-22', 'KPGV', 0, 'no'),
('2011-08-22', 'KHVS', 8, 'no'),
('2011-08-21', 'KPGV', 7, 'no'),
('2011-08-21', 'KHVS', 11, 'no'),
('2011-08-20', 'KPGV', 9, 'no'),
('2011-08-20', 'KHVS', 12, 'no'),
('2011-08-19', 'KPGV', 11, 'no'),
('2011-08-19', 'KHVS', 8, 'no'),
('2011-08-18', 'KPGV', 8, 'no'),
('2011-08-18', 'KHVS', 11, 'no'),
('2011-08-17', 'KPGV', 6, 'no'),
('2011-08-17', 'KHVS', 5, 'no'),
('2011-08-16', 'KPGV', 3, 'no'),
('2011-08-16', 'KHVS', 4, 'no'),
('2011-08-15', 'KPGV', 11, 'no'),
('2011-08-15', 'KHVS', 7, 'no'),
('2011-08-14', 'KPGV', 8, 'no'),
('2011-08-14', 'KHVS', 17, 'no'),
('2011-08-13', 'KPGV', 5, 'no'),
('2011-08-13', 'KHVS', 14, 'no'),
('2011-08-12', 'KPGV', 0, 'no'),
('2011-08-12', 'KHVS', 20, 'no'),
('2011-08-11', 'KPGV', 0, 'no'),
('2011-08-11', 'KHVS', 6, 'no'),
('2011-08-10', 'KPGV', 0, 'no'),
('2011-08-10', 'KHVS', 0, 'yes'),
('2011-08-09', 'KPGV', 0, 'no'),
('2011-08-09', 'KHVS', 1, 'no'),
('2011-08-08', 'KPGV', 4, 'no'),
('2011-08-08', 'KHVS', 6, 'no'),
('2011-08-07', 'KPGV', 9, 'no'),
('2011-08-07', 'KHVS', 9, 'no'),
('2011-08-06', 'KPGV', 18, 'no'),
('2011-08-06', 'KHVS', 10, 'no'),
('2011-08-05', 'KPGV', 6, 'no'),
('2011-08-05', 'KHVS', 11, 'no'),
('2011-08-04', 'KPGV', 2, 'no'),
('2011-08-04', 'KHVS', 5, 'no'),
('2011-08-03', 'KPGV', 2, 'no'),
('2011-08-03', 'KHVS', 5, 'no'),
('2011-08-02', 'KPGV', 10, 'no'),
('2011-08-02', 'KHVS', 6, 'no'),
('2011-08-01', 'KPGV', 13, 'no'),
('2011-08-01', 'KHVS', 15, 'no'),
('2011-07-31', 'KPGV', 19, 'no'),
('2011-07-31', 'KHVS', 5, 'no'),
('2011-07-30', 'KPGV', 0, 'no'),
('2011-07-30', 'KHVS', 3, 'no'),
('2011-07-29', 'KPGV', 1, 'no'),
('2011-07-29', 'KHVS', 8, 'no'),
('2011-07-28', 'KPGV', 5, 'no'),
('2011-07-28', 'KHVS', 8, 'no'),
('2011-07-27', 'KPGV', 7, 'no'),
('2011-07-27', 'KHVS', 9, 'no'),
('2011-07-26', 'KPGV', 14, 'no'),
('2011-07-26', 'KHVS', 4, 'no'),
('2011-07-25', 'KPGV', 8, 'no'),
('2011-07-25', 'KHVS', 4, 'no'),
('2011-07-24', 'KPGV', 2, 'no'),
('2011-07-24', 'KHVS', 4, 'no'),
('2011-07-23', 'KPGV', 0, 'no'),
('2011-07-23', 'KHVS', 3, 'no'),
('2011-07-22', 'KPGV', 0, 'no'),
('2011-07-22', 'KHVS', 2, 'no'),
('2011-07-21', 'KPGV', 7, 'no'),
('2011-07-21', 'KHVS', 6, 'no'),
('2011-07-20', 'KPGV', 2, 'no'),
('2011-07-20', 'KHVS', 3, 'no'),
('2011-07-19', 'KPGV', 0, 'no'),
('2011-07-19', 'KHVS', 2, 'no'),
('2011-07-18', 'KPGV', 3, 'no'),
('2011-07-18', 'KHVS', 4, 'no'),
('2011-07-17', 'KPGV', 3, 'no'),
('2011-07-17', 'KHVS', 1, 'no'),
('2011-07-16', 'KPGV', 1, 'no'),
('2011-07-16', 'KHVS', 1, 'no'),
('2011-07-15', 'KPGV', 1, 'no'),
('2011-07-15', 'KHVS', 2, 'no'),
('2011-07-14', 'KPGV', 7, 'no'),
('2011-07-14', 'KHVS', 6, 'no'),
('2011-07-13', 'KPGV', 1, 'no'),
('2011-07-13', 'KHVS', 6, 'no'),
('2011-07-12', 'KPGV', 1, 'no'),
('2011-07-12', 'KHVS', 4, 'no'),
('2011-07-11', 'KPGV', 7, 'no'),
('2011-07-11', 'KHVS', 3, 'no'),
('2011-07-10', 'KPGV', 7, 'no'),
('2011-07-10', 'KHVS', 4, 'no'),
('2011-07-09', 'KPGV', 3, 'no'),
('2011-07-09', 'KHVS', 6, 'no'),
('2011-07-08', 'KPGV', 8, 'no'),
('2011-07-08', 'KHVS', 4, 'no'),
('2011-07-07', 'KPGV', 13, 'no'),
('2011-07-07', 'KHVS', 3, 'no'),
('2011-07-06', 'KPGV', 12, 'no'),
('2011-07-06', 'KHVS', 3, 'yes'),
('2011-08-22', 'KDPL', 0, 'no'),
('2011-08-22', 'KCKI', 6, 'no'),
('2011-08-21', 'KDPL', 6, 'no'),
('2011-08-21', 'KCKI', 8, 'no'),
('2011-08-20', 'KDPL', 5, 'no'),
('2011-08-20', 'KCKI', 15, 'no'),
('2011-08-19', 'KDPL', 4, 'no'),
('2011-08-19', 'KCKI', 11, 'no'),
('2011-08-18', 'KDPL', 7, 'no'),
('2011-08-18', 'KCKI', 12, 'no'),
('2011-08-17', 'KDPL', 1, 'no'),
('2011-08-17', 'KCKI', 12, 'no'),
('2011-08-16', 'KDPL', 3, 'no'),
('2011-08-16', 'KCKI', 12, 'no'),
('2011-08-15', 'KDPL', 0, 'no'),
('2011-08-15', 'KCKI', 13, 'no'),
('2011-08-14', 'KDPL', 6, 'no'),
('2011-08-14', 'KCKI', 15, 'no'),
('2011-08-13', 'KDPL', 9, 'no'),
('2011-08-13', 'KCKI', 14, 'no'),
('2011-08-12', 'KDPL', 6, 'no'),
('2011-08-12', 'KCKI', 20, 'no'),
('2011-08-11', 'KDPL', 1, 'no'),
('2011-08-11', 'KCKI', 11, 'no'),
('2011-08-10', 'KDPL', 0, 'yes'),
('2011-08-10', 'KCKI', 8, 'no'),
('2011-08-09', 'KDPL', 0, 'no'),
('2011-08-09', 'KCKI', 4, 'no'),
('2011-08-08', 'KDPL', 2, 'no'),
('2011-08-08', 'KCKI', 3, 'no'),
('2011-08-07', 'KDPL', 4, 'no'),
('2011-08-07', 'KCKI', 8, 'no'),
('2011-08-06', 'KDPL', 5, 'no'),
('2011-08-06', 'KCKI', 13, 'no'),
('2011-08-05', 'KDPL', 0, 'no'),
('2011-08-05', 'KCKI', 16, 'no'),
('2011-08-04', 'KDPL', 0, 'no'),
('2011-08-04', 'KCKI', 3, 'no'),
('2011-08-03', 'KDPL', 2, 'no'),
('2011-08-03', 'KCKI', 6, 'no'),
('2011-08-02', 'KDPL', 6, 'no'),
('2011-08-02', 'KCKI', 11, 'no'),
('2011-08-01', 'KDPL', 10, 'no'),
('2011-08-01', 'KCKI', 15, 'no'),
('2011-07-31', 'KDPL', 7, 'no'),
('2011-07-31', 'KCKI', 16, 'no'),
('2011-07-30', 'KDPL', 0, 'no'),
('2011-07-30', 'KCKI', 8, 'no'),
('2011-07-29', 'KDPL', 0, 'no'),
('2011-07-29', 'KCKI', 10, 'no'),
('2011-07-28', 'KDPL', 1, 'no'),
('2011-07-28', 'KCKI', 10, 'no'),
('2011-07-27', 'KDPL', 5, 'no'),
('2011-07-27', 'KCKI', 10, 'no'),
('2011-07-26', 'KDPL', 5, 'no'),
('2011-07-26', 'KCKI', 18, 'no'),
('2011-07-25', 'KDPL', 7, 'no'),
('2011-07-25', 'KCKI', 11, 'no'),
('2011-07-24', 'KDPL', 5, 'no'),
('2011-07-24', 'KCKI', 3, 'no'),
('2011-07-23', 'KDPL', 0, 'no'),
('2011-07-23', 'KCKI', 0, 'no'),
('2011-07-22', 'KDPL', 0, 'no'),
('2011-07-22', 'KCKI', 0, 'no'),
('2011-07-21', 'KDPL', 1, 'no'),
('2011-07-21', 'KCKI', 2, 'no'),
('2011-07-20', 'KDPL', 1, 'no'),
('2011-07-20', 'KCKI', 4, 'no'),
('2011-07-19', 'KDPL', 1, 'yes'),
('2011-07-19', 'KCKI', 6, 'no'),
('2011-07-18', 'KDPL', 0, 'no'),
('2011-07-18', 'KCKI', 7, 'no'),
('2011-07-17', 'KDPL', 0, 'no'),
('2011-07-17', 'KCKI', 8, 'no'),
('2011-07-16', 'KDPL', 0, 'yes'),
('2011-07-16', 'KCKI', 2, 'no'),
('2011-07-15', 'KDPL', 0, 'no'),
('2011-07-15', 'KCKI', 1, 'no'),
('2011-07-14', 'KDPL', 3, 'no'),
('2011-07-14', 'KCKI', 14, 'no'),
('2011-07-13', 'KDPL', 1, 'yes'),
('2011-07-13', 'KCKI', 4, 'no'),
('2011-07-12', 'KDPL', 2, 'no'),
('2011-07-12', 'KCKI', 7, 'no'),
('2011-07-11', 'KDPL', 6, 'no'),
('2011-07-11', 'KCKI', 11, 'no'),
('2011-07-10', 'KDPL', 4, 'no'),
('2011-07-10', 'KCKI', 12, 'no'),
('2011-07-09', 'KDPL', 1, 'no'),
('2011-07-09', 'KCKI', 17, 'no'),
('2011-07-08', 'KDPL', 5, 'no'),
('2011-07-08', 'KCKI', 11, 'no'),
('2011-07-07', 'KDPL', 2, 'no'),
('2011-07-07', 'KCKI', 9, 'no'),
('2011-07-06', 'KDPL', 3, 'no'),
('2011-07-06', 'KCKI', 14, 'no'),
('2011-08-22', 'KMAO', 6, 'no'),
('2011-08-22', 'KMYR', 0, 'no'),
('2011-08-21', 'KMAO', 9, 'no'),
('2011-08-21', 'KMYR', 0, 'no'),
('2011-08-20', 'KMAO', 7, 'no'),
('2011-08-20', 'KMYR', 0, 'no'),
('2011-08-19', 'KMAO', 7, 'no'),
('2011-08-19', 'KMYR', 0, 'no'),
('2011-08-18', 'KMAO', 10, 'no'),
('2011-08-18', 'KMYR', 0, 'no'),
('2011-08-17', 'KMAO', 7, 'no'),
('2011-08-17', 'KMYR', 0, 'no'),
('2011-08-16', 'KMAO', 4, 'no'),
('2011-08-16', 'KMYR', 0, 'no'),
('2011-08-15', 'KMAO', 6, 'no'),
('2011-08-15', 'KMYR', 0, 'yes'),
('2011-08-14', 'KMAO', 11, 'no'),
('2011-08-14', 'KMYR', 0, 'yes'),
('2011-08-13', 'KMAO', 10, 'yes'),
('2011-08-13', 'KMYR', 0, 'no'),
('2011-08-12', 'KMAO', 10, 'no'),
('2011-08-12', 'KMYR', 0, 'no'),
('2011-08-11', 'KMAO', 9, 'no'),
('2011-08-11', 'KMYR', 0, 'no'),
('2011-08-10', 'KMAO', 0, 'no'),
('2011-08-10', 'KMYR', 0, 'no'),
('2011-08-09', 'KMAO', 0, 'no'),
('2011-08-09', 'KMYR', 0, 'no'),
('2011-08-08', 'KMAO', 2, 'no'),
('2011-08-08', 'KMYR', 0, 'no'),
('2011-08-07', 'KMAO', 7, 'no'),
('2011-08-07', 'KMYR', 0, 'no'),
('2011-08-06', 'KMAO', 11, 'no'),
('2011-08-06', 'KMYR', 0, 'no'),
('2011-08-05', 'KMAO', 13, 'no'),
('2011-08-05', 'KMYR', 0, 'no'),
('2011-08-04', 'KMAO', 0, 'no'),
('2011-08-04', 'KMYR', 0, 'no'),
('2011-08-03', 'KMAO', 4, 'no'),
('2011-08-03', 'KMYR', 0, 'no'),
('2011-08-02', 'KMAO', 5, 'no'),
('2011-08-02', 'KMYR', 0, 'no'),
('2011-08-01', 'KMAO', 9, 'no'),
('2011-08-01', 'KMYR', 0, 'no'),
('2011-07-31', 'KMAO', 14, 'no'),
('2011-07-31', 'KMYR', 0, 'no'),
('2011-07-30', 'KMAO', 2, 'no'),
('2011-07-30', 'KMYR', 0, 'no'),
('2011-07-29', 'KMAO', 6, 'no'),
('2011-07-29', 'KMYR', 0, 'no'),
('2011-07-28', 'KMAO', 6, 'no'),
('2011-07-28', 'KMYR', 0, 'no'),
('2011-07-27', 'KMAO', 7, 'no'),
('2011-07-27', 'KMYR', 0, 'no'),
('2011-07-26', 'KMAO', 13, 'no'),
('2011-07-26', 'KMYR', 0, 'no'),
('2011-07-25', 'KMAO', 8, 'no'),
('2011-07-25', 'KMYR', 0, 'no'),
('2011-07-24', 'KMAO', 4, 'no'),
('2011-07-24', 'KMYR', 0, 'no'),
('2011-07-23', 'KMAO', 0, 'no'),
('2011-07-23', 'KMYR', 0, 'no'),
('2011-07-22', 'KMAO', 0, 'no'),
('2011-07-22', 'KMYR', 0, 'no'),
('2011-07-21', 'KMAO', 0, 'no'),
('2011-07-21', 'KMYR', 0, 'no'),
('2011-07-20', 'KMAO', 1, 'no'),
('2011-07-20', 'KMYR', 0, 'no'),
('2011-07-19', 'KMAO', 0, 'no'),
('2011-07-19', 'KMYR', 0, 'no'),
('2011-07-18', 'KMAO', 4, 'no'),
('2011-07-18', 'KMYR', 0, 'no'),
('2011-07-17', 'KMAO', 2, 'no'),
('2011-07-17', 'KMYR', 0, 'no'),
('2011-07-16', 'KMAO', 0, 'no'),
('2011-07-16', 'KMYR', 0, 'no'),
('2011-07-15', 'KMAO', 0, 'no'),
('2011-07-15', 'KMYR', 0, 'no'),
('2011-07-14', 'KMAO', 7, 'no'),
('2011-07-14', 'KMYR', 0, 'no'),
('2011-07-13', 'KMAO', 8, 'no'),
('2011-07-13', 'KMYR', 0, 'no'),
('2011-07-12', 'KMAO', 7, 'no'),
('2011-07-12', 'KMYR', 0, 'no'),
('2011-07-11', 'KMAO', 9, 'no'),
('2011-07-11', 'KMYR', 0, 'no'),
('2011-07-10', 'KMAO', 8, 'no'),
('2011-07-10', 'KMYR', 0, 'no'),
('2011-07-09', 'KMAO', 11, 'no'),
('2011-07-09', 'KMYR', 0, 'no'),
('2011-07-08', 'KMAO', 13, 'no'),
('2011-07-08', 'KMYR', 0, 'no'),
('2011-07-07', 'KMAO', 10, 'no'),
('2011-07-07', 'KMYR', 0, 'no'),
('2011-07-06', 'KMAO', 14, 'no'),
('2011-07-06', 'KMYR', 0, 'no'),
('2011-08-22', 'KJNX', 0, 'no'),
('2011-08-22', 'KSMS', 3, 'no'),
('2011-08-21', 'KJNX', 1, 'no'),
('2011-08-21', 'KSMS', 8, 'no'),
('2011-08-20', 'KJNX', 3, 'no'),
('2011-08-20', 'KSMS', 5, 'no'),
('2011-08-19', 'KJNX', 3, 'no'),
('2011-08-19', 'KSMS', 7, 'no'),
('2011-08-18', 'KJNX', 6, 'no'),
('2011-08-18', 'KSMS', 10, 'no'),
('2011-08-17', 'KJNX', 8, 'no'),
('2011-08-17', 'KSMS', 7, 'no'),
('2011-08-16', 'KJNX', 9, 'no'),
('2011-08-16', 'KSMS', 9, 'no'),
('2011-08-15', 'KJNX', 8, 'no'),
('2011-08-15', 'KSMS', 10, 'no'),
('2011-08-14', 'KJNX', 13, 'no'),
('2011-08-14', 'KSMS', 13, 'no'),
('2011-08-13', 'KJNX', 14, 'no'),
('2011-08-13', 'KSMS', 12, 'no'),
('2011-08-12', 'KJNX', 9, 'no'),
('2011-08-12', 'KSMS', 10, 'no'),
('2011-08-11', 'KJNX', 4, 'no'),
('2011-08-11', 'KSMS', 10, 'no'),
('2011-08-10', 'KJNX', 2, 'yes'),
('2011-08-10', 'KSMS', 3, 'yes'),
('2011-08-09', 'KJNX', 4, 'no'),
('2011-08-09', 'KSMS', 1, 'no'),
('2011-08-08', 'KJNX', 7, 'no'),
('2011-08-08', 'KSMS', 0, 'no'),
('2011-08-07', 'KJNX', 7, 'no'),
('2011-08-07', 'KSMS', 5, 'no'),
('2011-08-06', 'KJNX', 12, 'no'),
('2011-08-06', 'KSMS', 8, 'no'),
('2011-08-05', 'KJNX', 5, 'no'),
('2011-08-05', 'KSMS', 6, 'no'),
('2011-08-04', 'KJNX', 6, 'no'),
('2011-08-04', 'KSMS', 0, 'no'),
('2011-08-03', 'KJNX', 7, 'yes'),
('2011-08-03', 'KSMS', 0, 'no'),
('2011-08-02', 'KJNX', 10, 'no'),
('2011-08-02', 'KSMS', 6, 'no'),
('2011-08-01', 'KJNX', 11, 'no'),
('2011-08-01', 'KSMS', 10, 'no'),
('2011-07-31', 'KJNX', 14, 'no'),
('2011-07-31', 'KSMS', 9, 'no'),
('2011-07-30', 'KJNX', 6, 'no'),
('2011-07-30', 'KSMS', 6, 'no'),
('2011-07-29', 'KJNX', 4, 'no'),
('2011-07-29', 'KSMS', 1, 'no'),
('2011-07-28', 'KJNX', 7, 'no'),
('2011-07-28', 'KSMS', 6, 'no'),
('2011-07-27', 'KJNX', 10, 'no'),
('2011-07-27', 'KSMS', 8, 'no'),
('2011-07-26', 'KJNX', 16, 'no'),
('2011-07-26', 'KSMS', 11, 'no'),
('2011-07-25', 'KJNX', 15, 'no'),
('2011-07-25', 'KSMS', 4, 'no'),
('2011-07-24', 'KJNX', 9, 'no'),
('2011-07-24', 'KSMS', 0, 'no'),
('2011-07-23', 'KJNX', 3, 'no'),
('2011-07-23', 'KSMS', 0, 'no'),
('2011-07-22', 'KJNX', 3, 'no'),
('2011-07-22', 'KSMS', 0, 'no'),
('2011-07-21', 'KJNX', 7, 'no'),
('2011-07-21', 'KSMS', 0, 'no'),
('2011-07-20', 'KJNX', 6, 'no'),
('2011-07-20', 'KSMS', 0, 'no'),
('2011-07-19', 'KJNX', 1, 'no'),
('2011-07-19', 'KSMS', 0, 'no'),
('2011-07-18', 'KJNX', 5, 'yes'),
('2011-07-18', 'KSMS', 3, 'no'),
('2011-07-17', 'KJNX', 4, 'no'),
('2011-07-17', 'KSMS', 1, 'no'),
('2011-07-16', 'KJNX', 0, 'no'),
('2011-07-16', 'KSMS', 0, 'no'),
('2011-07-15', 'KJNX', 1, 'no'),
('2011-07-15', 'KSMS', 2, 'no'),
('2011-07-14', 'KJNX', 5, 'no'),
('2011-07-14', 'KSMS', 3, 'no'),
('2011-07-13', 'KJNX', 7, 'no'),
('2011-07-13', 'KSMS', 3, 'no'),
('2011-07-12', 'KJNX', 2, 'no'),
('2011-07-12', 'KSMS', 6, 'no'),
('2011-07-11', 'KJNX', 6, 'no'),
('2011-07-11', 'KSMS', 8, 'no'),
('2011-07-10', 'KJNX', 8, 'no'),
('2011-07-10', 'KSMS', 8, 'no'),
('2011-07-09', 'KJNX', 2, 'no'),
('2011-07-09', 'KSMS', 8, 'no'),
('2011-07-08', 'KJNX', 8, 'no'),
('2011-07-08', 'KSMS', 7, 'no'),
('2011-07-07', 'KJNX', 12, 'no'),
('2011-07-07', 'KSMS', 10, 'no'),
('2011-07-06', 'KJNX', 16, 'no'),
('2011-07-06', 'KSMS', 14, 'no'),
('2011-08-22', 'KCPC', 3, 'no'),
('2011-08-22', 'KRBW', 0, 'no'),
('2011-08-21', 'KCPC', 4, 'no'),
('2011-08-21', 'KRBW', 3, 'no'),
('2011-08-20', 'KCPC', 5, 'no'),
('2011-08-20', 'KRBW', 0, 'no'),
('2011-08-19', 'KCPC', 7, 'no'),
('2011-08-19', 'KRBW', 2, 'no'),
('2011-08-18', 'KCPC', 6, 'no'),
('2011-08-18', 'KRBW', 1, 'no'),
('2011-08-17', 'KCPC', 3, 'no'),
('2011-08-17', 'KRBW', 0, 'no'),
('2011-08-16', 'KCPC', 0, 'no'),
('2011-08-16', 'KRBW', 0, 'no'),
('2011-08-15', 'KCPC', 6, 'no'),
('2011-08-15', 'KRBW', 0, 'no'),
('2011-08-14', 'KCPC', 7, 'no'),
('2011-08-14', 'KRBW', 2, 'no'),
('2011-08-13', 'KCPC', 1, 'no'),
('2011-08-13', 'KRBW', 2, 'no'),
('2011-08-12', 'KCPC', 5, 'no'),
('2011-08-12', 'KRBW', 0, 'no'),
('2011-08-11', 'KCPC', 4, 'no'),
('2011-08-11', 'KRBW', 0, 'no'),
('2011-08-10', 'KCPC', 0, 'no'),
('2011-08-10', 'KRBW', 0, 'no'),
('2011-08-09', 'KCPC', 0, 'no'),
('2011-08-09', 'KRBW', 2, 'yes'),
('2011-08-08', 'KCPC', 0, 'no'),
('2011-08-08', 'KRBW', 0, 'yes'),
('2011-08-07', 'KCPC', 1, 'no'),
('2011-08-07', 'KRBW', 0, 'yes'),
('2011-08-06', 'KCPC', 3, 'yes'),
('2011-08-06', 'KRBW', 2, 'yes'),
('2011-08-05', 'KCPC', 6, 'no'),
('2011-08-05', 'KRBW', 2, 'no'),
('2011-08-04', 'KCPC', 0, 'no'),
('2011-08-04', 'KRBW', 0, 'no'),
('2011-08-03', 'KCPC', 0, 'no'),
('2011-08-03', 'KRBW', 0, 'no'),
('2011-08-02', 'KCPC', 6, 'no'),
('2011-08-02', 'KRBW', 6, 'no'),
('2011-08-01', 'KCPC', 8, 'no'),
('2011-08-01', 'KRBW', 11, 'no'),
('2011-07-31', 'KCPC', 12, 'no'),
('2011-07-31', 'KRBW', 10, 'no'),
('2011-07-30', 'KCPC', 0, 'no'),
('2011-07-30', 'KRBW', 0, 'no'),
('2011-07-29', 'KCPC', 0, 'no'),
('2011-07-29', 'KRBW', 0, 'no'),
('2011-07-28', 'KCPC', 0, 'no'),
('2011-07-28', 'KRBW', 5, 'no'),
('2011-07-27', 'KCPC', 0, 'no'),
('2011-07-27', 'KRBW', 10, 'no'),
('2011-07-26', 'KCPC', 6, 'no'),
('2011-07-26', 'KRBW', 18, 'no'),
('2011-07-25', 'KCPC', 3, 'no'),
('2011-07-25', 'KRBW', 1, 'no'),
('2011-07-24', 'KCPC', 0, 'no'),
('2011-07-24', 'KRBW', 0, 'no'),
('2011-07-23', 'KCPC', 0, 'no'),
('2011-07-23', 'KRBW', 0, 'no'),
('2011-07-22', 'KCPC', 0, 'no'),
('2011-07-22', 'KRBW', 0, 'no'),
('2011-07-21', 'KCPC', 0, 'no'),
('2011-07-21', 'KRBW', 1, 'no'),
('2011-07-20', 'KCPC', 0, 'no'),
('2011-07-20', 'KRBW', 0, 'no'),
('2011-07-19', 'KCPC', 0, 'no'),
('2011-07-19', 'KRBW', 1, 'no'),
('2011-07-18', 'KCPC', 2, 'no'),
('2011-07-18', 'KRBW', 6, 'no'),
('2011-07-17', 'KCPC', 5, 'no'),
('2011-07-17', 'KRBW', 0, 'no'),
('2011-07-16', 'KCPC', 0, 'no'),
('2011-07-16', 'KRBW', 0, 'no'),
('2011-07-15', 'KCPC', 0, 'no'),
('2011-07-15', 'KRBW', 4, 'no'),
('2011-07-14', 'KCPC', 7, 'no'),
('2011-07-14', 'KRBW', 7, 'no'),
('2011-07-13', 'KCPC', 2, 'no'),
('2011-07-13', 'KRBW', 1, 'no'),
('2011-07-12', 'KCPC', 1, 'no'),
('2011-07-12', 'KRBW', 7, 'no'),
('2011-07-11', 'KCPC', 8, 'no'),
('2011-07-11', 'KRBW', 9, 'no'),
('2011-07-10', 'KCPC', 10, 'no'),
('2011-07-10', 'KRBW', 12, 'no'),
('2011-07-09', 'KCPC', 6, 'no'),
('2011-07-09', 'KRBW', 15, 'no'),
('2011-07-08', 'KCPC', 11, 'no'),
('2011-07-08', 'KRBW', 13, 'no'),
('2011-07-07', 'KCPC', 7, 'no'),
('2011-07-07', 'KRBW', 8, 'no'),
('2011-07-06', 'KCPC', 2, 'no'),
('2011-07-06', 'KRBW', 12, 'no'),
('2011-08-22', 'KIXA', 2, 'no'),
('2011-08-22', 'KAIK', 7, 'no'),
('2011-08-21', 'KIXA', 3, 'no'),
('2011-08-21', 'KAIK', 9, 'no'),
('2011-08-20', 'KIXA', 7, 'no'),
('2011-08-20', 'KAIK', 9, 'no'),
('2011-08-19', 'KIXA', 7, 'no'),
('2011-08-19', 'KAIK', 7, 'no'),
('2011-08-18', 'KIXA', 5, 'no'),
('2011-08-18', 'KAIK', 6, 'no'),
('2011-08-17', 'KIXA', 6, 'no'),
('2011-08-17', 'KAIK', 2, 'no'),
('2011-08-16', 'KIXA', 3, 'no'),
('2011-08-16', 'KAIK', 2, 'no'),
('2011-08-15', 'KIXA', 4, 'no'),
('2011-08-15', 'KAIK', 6, 'no'),
('2011-08-14', 'KIXA', 7, 'no'),
('2011-08-14', 'KAIK', 13, 'no'),
('2011-08-13', 'KIXA', 7, 'no'),
('2011-08-13', 'KAIK', 12, 'no'),
('2011-08-12', 'KIXA', 2, 'no'),
('2011-08-12', 'KAIK', 10, 'no'),
('2011-08-11', 'KIXA', 0, 'no'),
('2011-08-11', 'KAIK', 3, 'no'),
('2011-08-10', 'KIXA', 0, 'no'),
('2011-08-10', 'KAIK', 6, 'no'),
('2011-08-09', 'KIXA', 0, 'no'),
('2011-08-09', 'KAIK', 5, 'no'),
('2011-08-08', 'KIXA', 0, 'no'),
('2011-08-08', 'KAIK', 4, 'no'),
('2011-08-07', 'KIXA', 4, 'no'),
('2011-08-07', 'KAIK', 5, 'yes'),
('2011-08-06', 'KIXA', 4, 'no'),
('2011-08-06', 'KAIK', 3, 'yes'),
('2011-08-05', 'KIXA', 5, 'no'),
('2011-08-05', 'KAIK', 4, 'yes'),
('2011-08-04', 'KIXA', 1, 'yes'),
('2011-08-04', 'KAIK', 2, 'no'),
('2011-08-03', 'KIXA', 0, 'no'),
('2011-08-03', 'KAIK', 3, 'no'),
('2011-08-02', 'KIXA', 2, 'no'),
('2011-08-02', 'KAIK', 1, 'no'),
('2011-08-01', 'KIXA', 6, 'no'),
('2011-08-01', 'KAIK', 4, 'no'),
('2011-07-31', 'KIXA', 5, 'no'),
('2011-07-31', 'KAIK', 7, 'no'),
('2011-07-30', 'KIXA', 0, 'no'),
('2011-07-30', 'KAIK', 2, 'no'),
('2011-07-29', 'KIXA', 0, 'yes'),
('2011-07-29', 'KAIK', 6, 'no'),
('2011-07-28', 'KIXA', 2, 'no'),
('2011-07-28', 'KAIK', 3, 'yes'),
('2011-07-27', 'KIXA', 7, 'no'),
('2011-07-27', 'KAIK', 2, 'yes'),
('2011-07-26', 'KIXA', 7, 'no'),
('2011-07-26', 'KAIK', 5, 'yes'),
('2011-07-25', 'KIXA', 7, 'no'),
('2011-07-25', 'KAIK', 3, 'no'),
('2011-07-24', 'KIXA', 0, 'no'),
('2011-07-24', 'KAIK', 6, 'no'),
('2011-07-23', 'KIXA', 0, 'no'),
('2011-07-23', 'KAIK', 4, 'no'),
('2011-07-22', 'KIXA', 0, 'yes'),
('2011-07-22', 'KAIK', 5, 'no'),
('2011-07-21', 'KIXA', 4, 'no'),
('2011-07-21', 'KAIK', 4, 'no'),
('2011-07-20', 'KIXA', 0, 'no'),
('2011-07-20', 'KAIK', 7, 'no'),
('2011-07-19', 'KIXA', 0, 'no'),
('2011-07-19', 'KAIK', 5, 'no'),
('2011-07-18', 'KIXA', 0, 'no'),
('2011-07-18', 'KAIK', 5, 'no'),
('2011-07-17', 'KIXA', 1, 'no'),
('2011-07-17', 'KAIK', 6, 'no'),
('2011-07-16', 'KIXA', 0, 'no'),
('2011-07-16', 'KAIK', 5, 'no'),
('2011-07-15', 'KIXA', 0, 'no'),
('2011-07-15', 'KAIK', 8, 'no'),
('2011-07-14', 'KIXA', 0, 'no'),
('2011-07-14', 'KAIK', 3, 'no'),
('2011-07-13', 'KIXA', 0, 'no'),
('2011-07-13', 'KAIK', 6, 'no'),
('2011-07-12', 'KIXA', 0, 'no'),
('2011-07-12', 'KAIK', 3, 'no'),
('2011-07-11', 'KIXA', 5, 'no'),
('2011-07-11', 'KAIK', 5, 'no'),
('2011-07-10', 'KIXA', 6, 'no'),
('2011-07-10', 'KAIK', 3, 'yes'),
('2011-07-09', 'KIXA', 7, 'no'),
('2011-07-09', 'KAIK', 12, 'no'),
('2011-07-08', 'KIXA', 3, 'no'),
('2011-07-08', 'KAIK', 6, 'no'),
('2011-07-07', 'KIXA', 7, 'no'),
('2011-07-07', 'KAIK', 1, 'yes'),
('2011-07-06', 'KIXA', 6, 'no'),
('2011-07-06', 'KAIK', 12, 'no'),
('2011-08-22', 'CLAY', 0, 'no'),
('2011-08-22', 'CLIN', 0, 'no'),
('2011-08-22', 'GOLD', 0, 'no'),
('2011-08-22', 'LEWS', 0, 'no'),
('2011-08-21', 'CLAY', 0, 'no'),
('2011-08-21', 'CLIN', 0, 'no'),
('2011-08-21', 'GOLD', 0, 'no'),
('2011-08-21', 'LEWS', 2, 'no'),
('2011-08-20', 'CLAY', 0, 'no'),
('2011-08-20', 'CLIN', 0, 'no'),
('2011-08-20', 'GOLD', 0, 'no'),
('2011-08-20', 'LEWS', 2, 'no'),
('2011-08-19', 'CLAY', 0, 'no'),
('2011-08-19', 'CLIN', 0, 'no'),
('2011-08-19', 'GOLD', 0, 'no'),
('2011-08-19', 'LEWS', 4, 'no'),
('2011-08-18', 'CLAY', 0, 'no'),
('2011-08-18', 'CLIN', 0, 'no'),
('2011-08-18', 'GOLD', 0, 'no'),
('2011-08-18', 'LEWS', 7, 'no'),
('2011-08-17', 'CLAY', 0, 'no'),
('2011-08-17', 'CLIN', 0, 'no'),
('2011-08-17', 'GOLD', 0, 'no'),
('2011-08-17', 'LEWS', 7, 'no'),
('2011-08-16', 'CLAY', 0, 'no'),
('2011-08-16', 'CLIN', 0, 'no'),
('2011-08-16', 'GOLD', 0, 'no'),
('2011-08-16', 'LEWS', 4, 'no'),
('2011-08-15', 'CLAY', 0, 'no'),
('2011-08-15', 'CLIN', 0, 'no'),
('2011-08-15', 'GOLD', 0, 'no'),
('2011-08-15', 'LEWS', 5, 'no'),
('2011-08-14', 'CLAY', 0, 'no'),
('2011-08-14', 'CLIN', 0, 'no'),
('2011-08-14', 'GOLD', 0, 'no'),
('2011-08-14', 'LEWS', 2, 'no'),
('2011-08-13', 'CLAY', 0, 'no'),
('2011-08-13', 'CLIN', 0, 'no'),
('2011-08-13', 'GOLD', 0, 'no'),
('2011-08-13', 'LEWS', 4, 'no'),
('2011-08-12', 'CLAY', 0, 'no'),
('2011-08-12', 'CLIN', 0, 'no'),
('2011-08-12', 'GOLD', 0, 'no'),
('2011-08-12', 'LEWS', 0, 'no'),
('2011-08-11', 'CLAY', 0, 'no'),
('2011-08-11', 'CLIN', 0, 'no'),
('2011-08-11', 'GOLD', 0, 'no'),
('2011-08-11', 'LEWS', 0, 'no'),
('2011-08-10', 'CLAY', 0, 'no'),
('2011-08-10', 'CLIN', 0, 'no'),
('2011-08-10', 'GOLD', 0, 'yes'),
('2011-08-10', 'LEWS', 0, 'no'),
('2011-08-09', 'CLAY', 0, 'no'),
('2011-08-09', 'CLIN', 0, 'no'),
('2011-08-09', 'GOLD', 0, 'no'),
('2011-08-09', 'LEWS', 1, 'no'),
('2011-08-08', 'CLAY', 0, 'no'),
('2011-08-08', 'CLIN', 0, 'no'),
('2011-08-08', 'GOLD', 0, 'no'),
('2011-08-08', 'LEWS', 1, 'no'),
('2011-08-07', 'CLAY', 0, 'no'),
('2011-08-07', 'CLIN', 0, 'no'),
('2011-08-07', 'GOLD', 0, 'no'),
('2011-08-07', 'LEWS', 3, 'no'),
('2011-08-06', 'CLAY', 0, 'no'),
('2011-08-06', 'CLIN', 0, 'no'),
('2011-08-06', 'GOLD', 0, 'no'),
('2011-08-06', 'LEWS', 4, 'no'),
('2011-08-05', 'CLAY', 0, 'no'),
('2011-08-05', 'CLIN', 0, 'no'),
('2011-08-05', 'GOLD', 0, 'no'),
('2011-08-05', 'LEWS', 1, 'no'),
('2011-08-04', 'CLAY', 0, 'no'),
('2011-08-04', 'CLIN', 0, 'no'),
('2011-08-04', 'GOLD', 0, 'no'),
('2011-08-04', 'LEWS', 0, 'no'),
('2011-08-03', 'CLAY', 0, 'yes'),
('2011-08-03', 'CLIN', 0, 'no'),
('2011-08-03', 'GOLD', 0, 'no'),
('2011-08-03', 'LEWS', 0, 'no'),
('2011-08-02', 'CLAY', 0, 'no'),
('2011-08-02', 'CLIN', 0, 'no'),
('2011-08-02', 'GOLD', 0, 'no'),
('2011-08-02', 'LEWS', 0, 'no'),
('2011-08-01', 'CLAY', 0, 'no'),
('2011-08-01', 'CLIN', 0, 'no'),
('2011-08-01', 'GOLD', 0, 'no'),
('2011-08-01', 'LEWS', 0, 'no'),
('2011-07-31', 'CLAY', 0, 'no'),
('2011-07-31', 'CLIN', 0, 'no'),
('2011-07-31', 'GOLD', 0, 'no'),
('2011-07-31', 'LEWS', 0, 'no'),
('2011-07-30', 'CLAY', 0, 'no'),
('2011-07-30', 'CLIN', 0, 'no'),
('2011-07-30', 'GOLD', 0, 'no'),
('2011-07-30', 'LEWS', 0, 'no'),
('2011-07-29', 'CLAY', 0, 'no'),
('2011-07-29', 'CLIN', 0, 'no'),
('2011-07-29', 'GOLD', 0, 'no'),
('2011-07-29', 'LEWS', 0, 'no'),
('2011-07-28', 'CLAY', 0, 'no'),
('2011-07-28', 'CLIN', 0, 'no'),
('2011-07-28', 'GOLD', 0, 'no'),
('2011-07-28', 'LEWS', 0, 'no'),
('2011-07-27', 'CLAY', 0, 'no'),
('2011-07-27', 'CLIN', 0, 'no'),
('2011-07-27', 'GOLD', 0, 'no'),
('2011-07-27', 'LEWS', 0, 'no'),
('2011-07-26', 'CLAY', 0, 'no'),
('2011-07-26', 'CLIN', 0, 'no'),
('2011-07-26', 'GOLD', 0, 'no'),
('2011-07-26', 'LEWS', 0, 'no'),
('2011-07-25', 'CLAY', 0, 'no'),
('2011-07-25', 'CLIN', 0, 'no'),
('2011-07-25', 'GOLD', 0, 'no'),
('2011-07-25', 'LEWS', 0, 'no'),
('2011-07-24', 'CLAY', 0, 'no'),
('2011-07-24', 'CLIN', 0, 'no'),
('2011-07-24', 'GOLD', 0, 'no'),
('2011-07-24', 'LEWS', 0, 'no'),
('2011-07-23', 'CLAY', 0, 'no'),
('2011-07-23', 'CLIN', 0, 'no'),
('2011-07-23', 'GOLD', 0, 'no'),
('2011-07-23', 'LEWS', 0, 'no'),
('2011-07-22', 'CLAY', 0, 'no'),
('2011-07-22', 'CLIN', 0, 'no'),
('2011-07-22', 'GOLD', 0, 'no'),
('2011-07-22', 'LEWS', 0, 'no'),
('2011-07-21', 'CLAY', 0, 'no'),
('2011-07-21', 'CLIN', 0, 'no'),
('2011-07-21', 'GOLD', 0, 'no'),
('2011-07-21', 'LEWS', 0, 'no'),
('2011-07-20', 'CLAY', 0, 'no'),
('2011-07-20', 'CLIN', 0, 'no'),
('2011-07-20', 'GOLD', 0, 'no'),
('2011-07-20', 'LEWS', 0, 'no'),
('2011-07-19', 'CLAY', 0, 'no'),
('2011-07-19', 'CLIN', 0, 'no'),
('2011-07-19', 'GOLD', 0, 'no'),
('2011-07-19', 'LEWS', 0, 'no'),
('2011-07-18', 'CLAY', 0, 'no'),
('2011-07-18', 'CLIN', 0, 'yes'),
('2011-07-18', 'GOLD', 0, 'no'),
('2011-07-18', 'LEWS', 0, 'no'),
('2011-07-17', 'CLAY', 0, 'yes'),
('2011-07-17', 'CLIN', 0, 'no'),
('2011-07-17', 'GOLD', 0, 'no'),
('2011-07-17', 'LEWS', 0, 'yes'),
('2011-07-16', 'CLAY', 0, 'no'),
('2011-07-16', 'CLIN', 0, 'yes'),
('2011-07-16', 'GOLD', 0, 'no'),
('2011-07-16', 'LEWS', 0, 'no'),
('2011-07-15', 'CLAY', 0, 'no'),
('2011-07-15', 'CLIN', 0, 'no'),
('2011-07-15', 'GOLD', 0, 'no'),
('2011-07-15', 'LEWS', 0, 'no'),
('2011-07-14', 'CLAY', 0, 'no'),
('2011-07-14', 'CLIN', 0, 'no'),
('2011-07-14', 'GOLD', 0, 'no'),
('2011-07-14', 'LEWS', 0, 'no'),
('2011-07-13', 'CLAY', 0, 'no'),
('2011-07-13', 'CLIN', 0, 'no'),
('2011-07-13', 'GOLD', 0, 'no'),
('2011-07-13', 'LEWS', 0, 'no'),
('2011-07-12', 'CLAY', 0, 'no'),
('2011-07-12', 'CLIN', 0, 'no'),
('2011-07-12', 'GOLD', 0, 'no'),
('2011-07-12', 'LEWS', 0, 'no'),
('2011-07-11', 'CLAY', 0, 'no'),
('2011-07-11', 'CLIN', 0, 'no'),
('2011-07-11', 'GOLD', 0, 'no'),
('2011-07-11', 'LEWS', 0, 'no'),
('2011-07-10', 'CLAY', 0, 'no'),
('2011-07-10', 'CLIN', 0, 'no'),
('2011-07-10', 'GOLD', 0, 'no'),
('2011-07-10', 'LEWS', 0, 'no'),
('2011-07-09', 'CLAY', 0, 'no'),
('2011-07-09', 'CLIN', 0, 'no'),
('2011-07-09', 'GOLD', 0, 'no'),
('2011-07-09', 'LEWS', 0, 'no'),
('2011-07-08', 'CLAY', 0, 'no'),
('2011-07-08', 'CLIN', 0, 'no'),
('2011-07-08', 'GOLD', 0, 'no'),
('2011-07-08', 'LEWS', 0, 'no'),
('2011-07-07', 'CLAY', 0, 'no'),
('2011-07-07', 'CLIN', 0, 'no'),
('2011-07-07', 'GOLD', 0, 'no'),
('2011-07-07', 'LEWS', 0, 'no'),
('2011-07-06', 'CLAY', 0, 'no'),
('2011-07-06', 'CLIN', 0, 'no'),
('2011-07-06', 'GOLD', 0, 'no'),
('2011-07-06', 'LEWS', 0, 'no'),
('2011-08-22', 'PLYM', 0, 'no'),
('2011-08-22', 'ROCK', 0, 'no'),
('2011-08-22', 'WILD', 0, 'no'),
('2011-08-22', 'BUCK', 0, 'no'),
('2011-08-21', 'PLYM', 0, 'no'),
('2011-08-21', 'ROCK', 0, 'no'),
('2011-08-21', 'WILD', 0, 'no'),
('2011-08-21', 'BUCK', 0, 'no'),
('2011-08-20', 'PLYM', 0, 'no'),
('2011-08-20', 'ROCK', 0, 'no'),
('2011-08-20', 'WILD', 0, 'no'),
('2011-08-20', 'BUCK', 0, 'no'),
('2011-08-19', 'PLYM', 0, 'no'),
('2011-08-19', 'ROCK', 0, 'no'),
('2011-08-19', 'WILD', 0, 'no'),
('2011-08-19', 'BUCK', 0, 'no'),
('2011-08-18', 'PLYM', 0, 'no'),
('2011-08-18', 'ROCK', 0, 'no'),
('2011-08-18', 'WILD', 0, 'no'),
('2011-08-18', 'BUCK', 0, 'no'),
('2011-08-17', 'PLYM', 0, 'no'),
('2011-08-17', 'ROCK', 0, 'no'),
('2011-08-17', 'WILD', 0, 'no'),
('2011-08-17', 'BUCK', 0, 'no'),
('2011-08-16', 'PLYM', 0, 'no'),
('2011-08-16', 'ROCK', 0, 'no'),
('2011-08-16', 'WILD', 0, 'no'),
('2011-08-16', 'BUCK', 0, 'no'),
('2011-08-15', 'PLYM', 0, 'no'),
('2011-08-15', 'ROCK', 0, 'no'),
('2011-08-15', 'WILD', 0, 'no'),
('2011-08-15', 'BUCK', 0, 'no'),
('2011-08-14', 'PLYM', 0, 'no'),
('2011-08-14', 'ROCK', 0, 'no'),
('2011-08-14', 'WILD', 0, 'no'),
('2011-08-14', 'BUCK', 0, 'no'),
('2011-08-13', 'PLYM', 0, 'no'),
('2011-08-13', 'ROCK', 0, 'no'),
('2011-08-13', 'WILD', 0, 'no'),
('2011-08-13', 'BUCK', 0, 'no'),
('2011-08-12', 'PLYM', 0, 'no'),
('2011-08-12', 'ROCK', 0, 'no'),
('2011-08-12', 'WILD', 0, 'no'),
('2011-08-12', 'BUCK', 0, 'no'),
('2011-08-11', 'PLYM', 0, 'no'),
('2011-08-11', 'ROCK', 0, 'no'),
('2011-08-11', 'WILD', 0, 'no'),
('2011-08-11', 'BUCK', 0, 'no'),
('2011-08-10', 'PLYM', 0, 'no'),
('2011-08-10', 'ROCK', 0, 'no'),
('2011-08-10', 'WILD', 0, 'no'),
('2011-08-10', 'BUCK', 0, 'yes'),
('2011-08-09', 'PLYM', 0, 'no'),
('2011-08-09', 'ROCK', 0, 'no'),
('2011-08-09', 'WILD', 0, 'no'),
('2011-08-09', 'BUCK', 0, 'no'),
('2011-08-08', 'PLYM', 0, 'no'),
('2011-08-08', 'ROCK', 0, 'no'),
('2011-08-08', 'WILD', 0, 'no'),
('2011-08-08', 'BUCK', 0, 'no'),
('2011-08-07', 'PLYM', 0, 'no'),
('2011-08-07', 'ROCK', 0, 'no'),
('2011-08-07', 'WILD', 0, 'no'),
('2011-08-07', 'BUCK', 0, 'no'),
('2011-08-06', 'PLYM', 0, 'no'),
('2011-08-06', 'ROCK', 0, 'no'),
('2011-08-06', 'WILD', 0, 'no'),
('2011-08-06', 'BUCK', 0, 'no'),
('2011-08-05', 'PLYM', 0, 'no'),
('2011-08-05', 'ROCK', 0, 'no'),
('2011-08-05', 'WILD', 0, 'no'),
('2011-08-05', 'BUCK', 0, 'no'),
('2011-08-04', 'PLYM', 0, 'no'),
('2011-08-04', 'ROCK', 0, 'no'),
('2011-08-04', 'WILD', 0, 'no'),
('2011-08-04', 'BUCK', 0, 'no'),
('2011-08-03', 'PLYM', 0, 'no'),
('2011-08-03', 'ROCK', 0, 'no'),
('2011-08-03', 'WILD', 0, 'no'),
('2011-08-03', 'BUCK', 0, 'no'),
('2011-08-02', 'PLYM', 0, 'no'),
('2011-08-02', 'ROCK', 0, 'no'),
('2011-08-02', 'WILD', 0, 'no'),
('2011-08-02', 'BUCK', 0, 'no'),
('2011-08-01', 'PLYM', 0, 'no'),
('2011-08-01', 'ROCK', 0, 'no'),
('2011-08-01', 'WILD', 0, 'no'),
('2011-08-01', 'BUCK', 0, 'no'),
('2011-07-31', 'PLYM', 0, 'no'),
('2011-07-31', 'ROCK', 0, 'no'),
('2011-07-31', 'WILD', 0, 'no'),
('2011-07-31', 'BUCK', 0, 'no'),
('2011-07-30', 'PLYM', 0, 'no'),
('2011-07-30', 'ROCK', 0, 'no'),
('2011-07-30', 'WILD', 0, 'no'),
('2011-07-30', 'BUCK', 0, 'no'),
('2011-07-29', 'PLYM', 0, 'no'),
('2011-07-29', 'ROCK', 0, 'no'),
('2011-07-29', 'WILD', 0, 'no'),
('2011-07-29', 'BUCK', 0, 'no'),
('2011-07-28', 'PLYM', 0, 'no'),
('2011-07-28', 'ROCK', 0, 'no'),
('2011-07-28', 'WILD', 0, 'no'),
('2011-07-28', 'BUCK', 0, 'no'),
('2011-07-27', 'PLYM', 0, 'no'),
('2011-07-27', 'ROCK', 0, 'no'),
('2011-07-27', 'WILD', 0, 'no'),
('2011-07-27', 'BUCK', 0, 'no'),
('2011-07-26', 'PLYM', 0, 'no'),
('2011-07-26', 'ROCK', 0, 'no'),
('2011-07-26', 'WILD', 0, 'no'),
('2011-07-26', 'BUCK', 0, 'no'),
('2011-07-25', 'PLYM', 0, 'no'),
('2011-07-25', 'ROCK', 0, 'no'),
('2011-07-25', 'WILD', 0, 'no'),
('2011-07-25', 'BUCK', 0, 'no'),
('2011-07-24', 'PLYM', 0, 'no'),
('2011-07-24', 'ROCK', 0, 'no'),
('2011-07-24', 'WILD', 0, 'no'),
('2011-07-24', 'BUCK', 0, 'no'),
('2011-07-23', 'PLYM', 0, 'no'),
('2011-07-23', 'ROCK', 0, 'no'),
('2011-07-23', 'WILD', 0, 'no'),
('2011-07-23', 'BUCK', 0, 'yes'),
('2011-07-22', 'PLYM', 0, 'no'),
('2011-07-22', 'ROCK', 0, 'yes'),
('2011-07-22', 'WILD', 0, 'no'),
('2011-07-22', 'BUCK', 0, 'yes'),
('2011-07-21', 'PLYM', 0, 'no'),
('2011-07-21', 'ROCK', 0, 'no'),
('2011-07-21', 'WILD', 0, 'no'),
('2011-07-21', 'BUCK', 0, 'no'),
('2011-07-20', 'PLYM', 0, 'no'),
('2011-07-20', 'ROCK', 0, 'no'),
('2011-07-20', 'WILD', 0, 'no'),
('2011-07-20', 'BUCK', 0, 'no'),
('2011-07-19', 'PLYM', 0, 'no'),
('2011-07-19', 'ROCK', 0, 'no'),
('2011-07-19', 'WILD', 0, 'no'),
('2011-07-19', 'BUCK', 0, 'no'),
('2011-07-18', 'PLYM', 0, 'no'),
('2011-07-18', 'ROCK', 0, 'no'),
('2011-07-18', 'WILD', 0, 'no'),
('2011-07-18', 'BUCK', 0, 'no'),
('2011-07-17', 'PLYM', 0, 'no'),
('2011-07-17', 'ROCK', 0, 'no'),
('2011-07-17', 'WILD', 0, 'no'),
('2011-07-17', 'BUCK', 0, 'no'),
('2011-07-16', 'PLYM', 0, 'no'),
('2011-07-16', 'ROCK', 0, 'no'),
('2011-07-16', 'WILD', 0, 'no'),
('2011-07-16', 'BUCK', 0, 'no'),
('2011-07-15', 'PLYM', 0, 'no'),
('2011-07-15', 'ROCK', 0, 'no'),
('2011-07-15', 'WILD', 0, 'no'),
('2011-07-15', 'BUCK', 0, 'no'),
('2011-07-14', 'PLYM', 0, 'no'),
('2011-07-14', 'ROCK', 0, 'no'),
('2011-07-14', 'WILD', 0, 'no'),
('2011-07-14', 'BUCK', 0, 'no'),
('2011-07-13', 'PLYM', 0, 'no'),
('2011-07-13', 'ROCK', 0, 'no'),
('2011-07-13', 'WILD', 0, 'no'),
('2011-07-13', 'BUCK', 0, 'no'),
('2011-07-12', 'PLYM', 0, 'no'),
('2011-07-12', 'ROCK', 0, 'no'),
('2011-07-12', 'WILD', 0, 'no'),
('2011-07-12', 'BUCK', 0, 'no'),
('2011-07-11', 'PLYM', 0, 'no'),
('2011-07-11', 'ROCK', 0, 'no'),
('2011-07-11', 'WILD', 0, 'no'),
('2011-07-11', 'BUCK', 0, 'no'),
('2011-07-10', 'PLYM', 0, 'no'),
('2011-07-10', 'ROCK', 0, 'no'),
('2011-07-10', 'WILD', 0, 'no'),
('2011-07-10', 'BUCK', 0, 'no'),
('2011-07-09', 'PLYM', 0, 'no'),
('2011-07-09', 'ROCK', 0, 'no'),
('2011-07-09', 'WILD', 0, 'no'),
('2011-07-09', 'BUCK', 0, 'no'),
('2011-07-08', 'PLYM', 0, 'no'),
('2011-07-08', 'ROCK', 0, 'no'),
('2011-07-08', 'WILD', 0, 'no'),
('2011-07-08', 'BUCK', 0, 'no'),
('2011-07-07', 'PLYM', 0, 'no'),
('2011-07-07', 'ROCK', 0, 'no'),
('2011-07-07', 'WILD', 0, 'no'),
('2011-07-07', 'BUCK', 0, 'no'),
('2011-07-06', 'PLYM', 0, 'no'),
('2011-07-06', 'ROCK', 0, 'no'),
('2011-07-06', 'WILD', 0, 'no'),
('2011-07-06', 'BUCK', 0, 'no');
